0,1,2,3,4,5,6,7,8,9,10,11,12,13,14,15,16,17,18,19,20,21
-0.29945236852445933,0.030790541400913033,0.43405337788091464,0.05882981783346651,1.0,0.0,0.0,0.0,0.0,1.0,0.0,0.0,0.0,0.0,1.0,0.0,0.0,0.0,1.0,0.0,1.0,69.0
-0.0330504838210206,0.9302895036747907,0.9647012515080116,0.6488982013185853,1.0,0.0,0.0,0.0,1.0,0.0,0.0,0.0,1.0,0.0,0.0,0.0,0.0,1.0,0.0,1.0,0.0,77.33333333333333
0.8327556414651553,1.345442870878119,1.163694204118173,1.16815837878549,1.0,0.0,0.0,0.0,0.0,1.0,0.0,0.0,0.0,0.0,0.0,1.0,0.0,1.0,0.0,0.0,1.0,84.66666666666667
-0.36605283970031904,-0.17678614220075106,-0.1629254799495694,-0.2480057415787953,0.0,1.0,0.0,0.0,1.0,0.0,0.0,0.0,0.0,0.0,1.0,0.0,0.0,1.0,0.0,0.0,1.0,64.66666666666667
0.4331528144099972,-0.38436282580241515,-0.7599043377800535,-0.2480057415787953,0.0,1.0,0.0,0.0,0.0,0.0,1.0,0.0,0.0,1.0,0.0,0.0,0.0,0.0,1.0,0.0,1.0,64.66666666666667
-2.4306674461519693,-3.1520519404912695,-3.5458056743223123,-3.1983476590043893,0.0,1.0,0.0,1.0,0.0,0.0,0.0,0.0,0.0,1.0,0.0,0.0,0.0,1.0,0.0,0.0,1.0,23.0
1.96496365145477,2.1065573774175537,2.0923279829655925,2.1594732630404896,1.0,0.0,0.0,0.0,1.0,0.0,0.0,0.0,1.0,0.0,0.0,0.0,0.0,0.0,1.0,1.0,0.0,98.66666666666669
-0.6324547244037578,0.5151361364714626,0.7657082988978502,0.2240489652092998,1.0,0.0,0.0,0.0,1.0,0.0,0.0,1.0,0.0,0.0,0.0,0.0,0.0,0.0,1.0,1.0,0.0,71.33333333333333
0.10015045853069877,-0.38436282580241515,-0.1629254799495694,-0.15359480022117628,0.0,1.0,0.0,0.0,0.0,1.0,0.0,0.0,0.0,1.0,0.0,0.0,0.0,0.0,1.0,1.0,0.0,66.0
-1.231858964986495,-0.7995161930057433,-1.0915592587969891,-1.0977042137973665,1.0,0.0,0.0,0.0,1.0,0.0,0.0,0.0,0.0,0.0,0.0,0.0,1.0,1.0,0.0,0.0,1.0,52.666666666666664
0.03354998735483909,-0.38436282580241515,-0.494580400966505,-0.29521121225760477,0.0,1.0,0.0,1.0,0.0,0.0,0.0,0.0,0.0,0.0,0.0,0.0,1.0,0.0,1.0,0.0,1.0,64.0
-0.4992537820520384,-0.5227472815368579,-0.29558744835634365,-0.4604303596334381,1.0,0.0,0.0,0.0,1.0,0.0,0.0,0.0,0.0,0.0,0.0,1.0,0.0,1.0,0.0,0.0,1.0,61.666666666666664
0.4997532855858569,-0.38436282580241515,-0.5609113851698921,-0.15359480022117628,0.0,1.0,0.0,0.0,0.0,0.0,1.0,0.0,0.0,0.0,0.0,0.0,1.0,0.0,1.0,1.0,0.0,66.0
-0.09965095499688029,-0.03840168646630833,0.5003843620843017,0.12963802385168077,1.0,0.0,0.0,0.0,1.0,0.0,0.0,0.0,0.0,0.0,0.0,0.0,1.0,0.0,1.0,0.0,1.0,70.0
-0.29945236852445933,-0.17678614220075106,-0.0965944957461823,-0.20080027089998578,1.0,0.0,0.0,1.0,0.0,0.0,0.0,0.0,0.0,0.0,0.0,1.0,0.0,0.0,1.0,0.0,1.0,65.33333333333333
-1.2984594361623547,-2.252552978217392,-2.21918599025457,-2.0182108920341517,0.0,1.0,0.0,0.0,1.0,0.0,0.0,1.0,0.0,0.0,0.0,0.0,0.0,0.0,1.0,0.0,1.0,39.666666666666664
0.899356112641015,-0.4535550536696365,-0.3619184325597308,0.03522708249406176,0.0,1.0,0.0,0.0,0.0,1.0,0.0,1.0,0.0,0.0,0.0,0.0,0.0,0.0,1.0,0.0,1.0,68.66666666666667
0.10015045853069877,-0.6611317372713006,-1.0252282745936019,-0.5548413009910571,0.0,1.0,0.0,0.0,1.0,0.0,0.0,0.0,0.0,1.0,0.0,0.0,0.0,0.0,1.0,0.0,1.0,60.333333333333336
0.8327556414651553,0.9994817315420121,1.4953491251351085,1.16815837878549,1.0,0.0,0.0,0.0,0.0,1.0,0.0,0.0,0.0,0.0,0.0,1.0,0.0,0.0,1.0,1.0,0.0,84.66666666666667
1.4987603532237521,1.207058415143676,0.6993773146944631,1.1917611141248947,0.0,1.0,0.0,0.0,0.0,1.0,0.0,0.0,0.0,1.0,0.0,0.0,0.0,0.0,1.0,0.0,1.0,85.0
0.16675092970655847,-0.17678614220075106,0.03606747266059193,0.011624347154657003,0.0,1.0,1.0,0.0,0.0,0.0,0.0,0.0,0.0,0.0,0.0,1.0,0.0,0.0,1.0,0.0,1.0,68.33333333333333
-0.8988566091071966,-0.7995161930057433,-0.7599043377800535,-0.8616768604033189,1.0,0.0,0.0,0.0,0.0,0.0,1.0,0.0,0.0,0.0,0.0,1.0,0.0,1.0,0.0,0.0,1.0,56.0
-0.16625142617273997,0.8610972758075693,0.5667153462876888,0.4364735832639426,1.0,0.0,0.0,0.0,1.0,0.0,0.0,0.0,0.0,0.0,0.0,1.0,0.0,0.0,1.0,1.0,0.0,74.33333333333333
1.0325570549927343,0.9994817315420121,0.8983702673046244,1.0265419667490614,0.0,1.0,0.0,0.0,1.0,0.0,0.0,0.0,0.0,1.0,0.0,0.0,0.0,0.0,1.0,1.0,0.0,82.66666666666667
-2.0310646190968114,-2.806090801155163,-2.749833863881667,-2.65548474619808,0.0,1.0,0.0,1.0,0.0,0.0,0.0,0.0,0.0,1.0,0.0,0.0,0.0,1.0,0.0,0.0,1.0,30.666666666666668
1.565360824399612,1.760596238081447,1.6280110935418828,1.734624026931204,1.0,0.0,0.0,1.0,0.0,0.0,0.0,0.0,0.0,0.0,1.0,0.0,0.0,0.0,1.0,0.0,1.0,92.66666666666669
-0.16625142617273997,-0.4535550536696365,-0.1629254799495694,-0.27160847691820006,1.0,0.0,0.0,0.0,0.0,1.0,0.0,0.0,0.0,0.0,1.0,0.0,0.0,0.0,1.0,0.0,1.0,64.33333333333333
-0.9654570802830562,-0.31517059793519375,0.03606747266059193,-0.4368276242940333,1.0,0.0,0.0,1.0,0.0,0.0,0.0,0.0,1.0,0.0,0.0,0.0,0.0,0.0,1.0,0.0,1.0,62.0
0.03354998735483909,0.9994817315420121,1.0310322357113988,0.7197064073367996,1.0,0.0,0.0,0.0,0.0,1.0,0.0,0.0,0.0,0.0,0.0,0.0,1.0,1.0,0.0,0.0,1.0,78.33333333333333
-1.0320575514589159,-0.6611317372713006,-0.6935733535766664,-0.8380741250639141,0.0,1.0,0.0,0.0,1.0,0.0,0.0,1.0,0.0,0.0,0.0,0.0,0.0,0.0,1.0,1.0,0.0,56.333333333333336
0.8327556414651553,0.23836722500257712,-0.0965944957461823,0.3420626419063236,0.0,1.0,0.0,0.0,0.0,1.0,0.0,0.0,0.0,0.0,0.0,1.0,0.0,0.0,1.0,0.0,1.0,73.0
-0.23285189734859965,-0.4535550536696365,-0.4282494167631179,-0.3896221536152238,0.0,1.0,1.0,0.0,0.0,0.0,0.0,0.0,0.0,1.0,0.0,0.0,0.0,0.0,1.0,0.0,1.0,62.666666666666664
-0.9654570802830562,-0.7303239651385219,-0.8262353219834406,-0.8852795957427236,1.0,0.0,0.0,0.0,0.0,1.0,0.0,1.0,0.0,0.0,0.0,0.0,0.0,1.0,0.0,0.0,1.0,55.666666666666664
-1.7646627343933725,-1.0070928766074074,-1.0252282745936019,-1.333731567191414,0.0,1.0,1.0,0.0,0.0,0.0,0.0,1.0,0.0,0.0,0.0,0.0,0.0,1.0,0.0,1.0,0.0,49.333333333333336
-1.7646627343933725,-1.906591838881285,-2.020193037644409,-1.9946081566947471,0.0,1.0,0.0,0.0,0.0,1.0,0.0,0.0,0.0,0.0,0.0,1.0,0.0,0.0,1.0,0.0,1.0,40.0
-0.23285189734859965,-0.31517059793519375,-0.494580400966505,-0.3660194182758191,1.0,0.0,0.0,1.0,0.0,0.0,0.0,0.0,0.0,0.0,0.0,1.0,0.0,0.0,1.0,0.0,1.0,63.0
-1.3650599073382144,-1.8373996110140638,-1.7548691008308603,-1.7349780679612947,0.0,1.0,0.0,0.0,1.0,0.0,0.0,1.0,0.0,0.0,0.0,0.0,0.0,0.0,1.0,0.0,1.0,43.666666666666664
-0.09965095499688029,0.4459439086042412,0.43405337788091464,0.27125443588810927,1.0,0.0,0.0,0.0,1.0,0.0,0.0,0.0,0.0,0.0,0.0,0.0,1.0,1.0,0.0,1.0,0.0,72.0
-0.29945236852445933,-0.38436282580241515,-0.1629254799495694,-0.29521121225760477,1.0,0.0,0.0,1.0,0.0,0.0,0.0,0.0,0.0,0.0,0.0,0.0,1.0,0.0,1.0,0.0,1.0,64.0
1.565360824399612,0.584328364338684,0.8320392831012373,1.0501447020884662,0.0,1.0,0.0,1.0,0.0,0.0,0.0,1.0,0.0,0.0,0.0,0.0,0.0,0.0,1.0,0.0,1.0,83.0
-1.2984594361623547,-0.8687084208729646,-1.622207132424086,-1.333731567191414,0.0,1.0,1.0,0.0,0.0,0.0,0.0,1.0,0.0,0.0,0.0,0.0,0.0,1.0,0.0,0.0,1.0,49.333333333333336
-0.4992537820520384,-1.9757840667485065,-1.7548691008308603,-1.4753479792278426,0.0,1.0,0.0,0.0,1.0,0.0,0.0,0.0,0.0,0.0,0.0,1.0,0.0,0.0,1.0,0.0,1.0,47.333333333333336
0.6995546991134359,1.8989806938158897,1.6943420777452698,1.4985966735371565,1.0,0.0,0.0,1.0,0.0,0.0,0.0,0.0,0.0,0.0,1.0,0.0,0.0,1.0,0.0,1.0,0.0,89.33333333333333
-0.9654570802830562,-1.0070928766074074,-0.7599043377800535,-0.9560878017609379,1.0,0.0,0.0,0.0,1.0,0.0,0.0,1.0,0.0,0.0,0.0,0.0,0.0,0.0,1.0,0.0,1.0,54.666666666666664
2.164765064982349,1.207058415143676,0.8320392831012373,1.4749939381977517,0.0,1.0,0.0,0.0,0.0,0.0,1.0,0.0,0.0,0.0,0.0,1.0,0.0,0.0,1.0,1.0,0.0,89.0
0.23335140088241815,-0.38436282580241515,0.2350604252707533,0.03522708249406176,1.0,0.0,0.0,1.0,0.0,0.0,0.0,0.0,0.0,0.0,0.0,0.0,1.0,0.0,1.0,0.0,1.0,68.66666666666667
-0.16625142617273997,-0.2459783700679724,-0.6272423693732793,-0.3660194182758191,0.0,1.0,0.0,0.0,1.0,0.0,0.0,1.0,0.0,0.0,0.0,0.0,0.0,1.0,0.0,0.0,1.0,63.0
0.899356112641015,0.584328364338684,0.8320392831012373,0.8141173486944187,0.0,1.0,1.0,0.0,0.0,0.0,0.0,0.0,1.0,0.0,0.0,0.0,0.0,0.0,1.0,1.0,0.0,79.66666666666667
-1.6314617920416532,-2.114168522482949,-2.2855169744579573,-2.112621833391771,0.0,1.0,0.0,0.0,0.0,1.0,0.0,0.0,0.0,1.0,0.0,0.0,0.0,1.0,0.0,0.0,1.0,38.333333333333336
2.0315641226306296,0.8610972758075693,1.296356172524947,1.4749939381977517,0.0,1.0,0.0,0.0,0.0,0.0,1.0,1.0,0.0,0.0,0.0,0.0,0.0,0.0,1.0,1.0,0.0,89.0
-1.0986580226347755,-1.5606306995451782,-0.9588972903902149,-1.2629233611731998,0.0,1.0,1.0,0.0,0.0,0.0,0.0,0.0,0.0,0.0,0.0,1.0,0.0,1.0,0.0,1.0,0.0,50.333333333333336
-0.09965095499688029,0.8610972758075693,0.633046330491076,0.48367905394275207,1.0,0.0,0.0,1.0,0.0,0.0,0.0,0.0,0.0,0.0,0.0,0.0,1.0,0.0,1.0,1.0,0.0,75.0
-0.9654570802830562,-0.31517059793519375,-0.494580400966505,-0.6256495070092714,1.0,0.0,0.0,0.0,1.0,0.0,0.0,0.0,0.0,0.0,1.0,0.0,0.0,1.0,0.0,0.0,1.0,59.333333333333336
-0.4992537820520384,-0.5227472815368579,0.03606747266059193,-0.3424166829364143,1.0,0.0,0.0,0.0,0.0,0.0,1.0,1.0,0.0,0.0,0.0,0.0,0.0,0.0,1.0,0.0,1.0,63.333333333333336
0.4997532855858569,-0.4535550536696365,-0.7599043377800535,-0.2480057415787953,0.0,1.0,0.0,1.0,0.0,0.0,0.0,0.0,0.0,0.0,0.0,0.0,1.0,0.0,1.0,0.0,1.0,64.66666666666667
-1.5648613208657933,-1.1454773323418501,-1.0252282745936019,-1.3101288318520092,1.0,0.0,0.0,0.0,1.0,0.0,0.0,0.0,0.0,0.0,0.0,0.0,1.0,1.0,0.0,0.0,1.0,49.666666666666664
0.03354998735483909,0.584328364338684,0.6993773146944631,0.4600763186033473,1.0,0.0,0.0,1.0,0.0,0.0,0.0,0.0,0.0,1.0,0.0,0.0,0.0,1.0,0.0,1.0,0.0,74.66666666666667
2.2313655361582088,2.1065573774175537,2.0923279829655925,2.2538842043981084,0.0,1.0,0.0,0.0,0.0,0.0,1.0,0.0,1.0,0.0,0.0,0.0,0.0,0.0,1.0,1.0,0.0,100.0
0.36655234323413755,-0.2459783700679724,-0.1629254799495694,-0.011978388184747751,0.0,1.0,0.0,0.0,0.0,1.0,0.0,0.0,0.0,1.0,0.0,0.0,0.0,0.0,1.0,0.0,1.0,68.0
0.29995187205827784,0.9302895036747907,0.633046330491076,0.6488982013185853,1.0,0.0,0.0,1.0,0.0,0.0,0.0,1.0,0.0,0.0,0.0,0.0,0.0,0.0,1.0,0.0,1.0,77.33333333333333
-0.7656556667554771,-1.6298229274123996,-1.688538116627473,-1.428142508549033,0.0,1.0,1.0,0.0,0.0,0.0,0.0,0.0,0.0,0.0,0.0,0.0,1.0,1.0,0.0,0.0,1.0,48.0
1.1657579973444538,1.207058415143676,1.4953491251351085,1.356980261500728,1.0,0.0,0.0,0.0,1.0,0.0,0.0,0.0,0.0,0.0,0.0,1.0,0.0,0.0,1.0,0.0,1.0,87.33333333333333
-0.23285189734859965,0.16917499713535575,0.10239845686397905,0.011624347154657003,1.0,0.0,0.0,0.0,0.0,0.0,1.0,0.0,0.0,0.0,0.0,1.0,0.0,0.0,1.0,1.0,0.0,68.33333333333333
-0.23285189734859965,0.37675168073701987,0.8320392831012373,0.3420626419063236,1.0,0.0,0.0,0.0,1.0,0.0,0.0,0.0,1.0,0.0,0.0,0.0,0.0,0.0,1.0,0.0,1.0,73.0
-1.6314617920416532,-0.2459783700679724,0.03606747266059193,-0.6492522423486761,1.0,0.0,0.0,0.0,1.0,0.0,0.0,0.0,0.0,0.0,0.0,1.0,0.0,1.0,0.0,1.0,0.0,59.0
0.7661551702892957,0.30755945286979847,0.2350604252707533,0.4600763186033473,0.0,1.0,0.0,0.0,0.0,0.0,1.0,1.0,0.0,0.0,0.0,0.0,0.0,1.0,0.0,1.0,0.0,74.66666666666667
0.16675092970655847,-0.6611317372713006,-0.9588972903902149,-0.5076358303122476,0.0,1.0,0.0,0.0,0.0,0.0,1.0,0.0,0.0,0.0,0.0,1.0,0.0,0.0,1.0,0.0,1.0,61.0
0.899356112641015,1.1378661872764548,0.9647012515080116,1.0501447020884662,1.0,0.0,0.0,1.0,0.0,0.0,0.0,1.0,0.0,0.0,0.0,0.0,0.0,0.0,1.0,0.0,1.0,83.0
0.8327556414651553,-0.6611317372713006,-0.22925646415295653,-0.011978388184747751,0.0,1.0,0.0,1.0,0.0,0.0,0.0,0.0,0.0,1.0,0.0,0.0,0.0,0.0,1.0,0.0,1.0,68.0
1.3655594108720328,2.1065573774175537,1.760673061948657,1.829034968288823,0.0,1.0,0.0,0.0,1.0,0.0,0.0,1.0,0.0,0.0,0.0,0.0,0.0,0.0,1.0,1.0,0.0,94.0
-0.09965095499688029,1.0686739594092334,0.5003843620843017,0.5072817892821568,1.0,0.0,1.0,0.0,0.0,0.0,0.0,1.0,0.0,0.0,0.0,0.0,0.0,1.0,0.0,0.0,1.0,75.33333333333333
-1.0320575514589159,-0.4535550536696365,-0.494580400966505,-0.6964577130274856,1.0,0.0,0.0,0.0,0.0,1.0,0.0,0.0,0.0,0.0,0.0,0.0,1.0,0.0,1.0,0.0,1.0,58.333333333333336
1.2323584685203135,0.9994817315420121,1.3626871567283343,1.262569320143109,0.0,1.0,0.0,0.0,0.0,1.0,0.0,0.0,0.0,0.0,1.0,0.0,0.0,0.0,1.0,0.0,1.0,86.0
-1.2984594361623547,-1.4222462438107355,-1.2905522114071504,-1.4045397732096283,0.0,1.0,1.0,0.0,0.0,0.0,0.0,0.0,0.0,0.0,0.0,0.0,1.0,0.0,1.0,1.0,0.0,48.333333333333336
-0.8322561379313369,-0.7303239651385219,-1.2242212272037634,-0.9796905371003427,0.0,1.0,0.0,0.0,1.0,0.0,0.0,0.0,0.0,0.0,1.0,0.0,0.0,1.0,0.0,0.0,1.0,54.333333333333336
-1.8978636767450918,-0.6611317372713006,-1.2242212272037634,-1.333731567191414,1.0,0.0,0.0,1.0,0.0,0.0,0.0,0.0,0.0,1.0,0.0,0.0,0.0,1.0,0.0,0.0,1.0,49.333333333333336
-0.4992537820520384,-0.03840168646630833,-0.22925646415295653,-0.27160847691820006,0.0,1.0,0.0,0.0,1.0,0.0,0.0,0.0,0.0,0.0,0.0,0.0,1.0,1.0,0.0,1.0,0.0,64.33333333333333
-0.4326533108761787,-0.8687084208729646,-1.1578902430003761,-0.8616768604033189,0.0,1.0,0.0,0.0,0.0,1.0,0.0,0.0,0.0,1.0,0.0,0.0,0.0,1.0,0.0,0.0,1.0,56.0
-1.1652584938106352,-1.699015155279621,-1.5558761482206989,-1.5461561852460568,0.0,1.0,0.0,1.0,0.0,0.0,0.0,0.0,0.0,1.0,0.0,0.0,0.0,1.0,0.0,0.0,1.0,46.333333333333336
-0.9654570802830562,-0.7303239651385219,-0.4282494167631179,-0.7436631837062951,1.0,0.0,0.0,0.0,1.0,0.0,0.0,1.0,0.0,0.0,0.0,0.0,0.0,0.0,1.0,1.0,0.0,57.666666666666664
-1.4982608496899337,-0.4535550536696365,-0.4282494167631179,-0.8380741250639141,1.0,0.0,0.0,0.0,1.0,0.0,0.0,0.0,1.0,0.0,0.0,0.0,0.0,1.0,0.0,0.0,1.0,56.333333333333336
0.23335140088241815,0.9994817315420121,0.8320392831012373,0.7197064073367996,1.0,0.0,0.0,0.0,0.0,0.0,1.0,1.0,0.0,0.0,0.0,0.0,0.0,1.0,0.0,0.0,1.0,78.33333333333333
1.1657579973444538,0.7227128200731266,0.7657082988978502,0.9321310253914424,0.0,1.0,0.0,0.0,1.0,0.0,0.0,1.0,0.0,0.0,0.0,0.0,0.0,0.0,1.0,0.0,1.0,81.33333333333333
0.6329542279375763,0.030790541400913033,-0.030263511542795184,0.2240489652092998,0.0,1.0,0.0,0.0,1.0,0.0,0.0,1.0,0.0,0.0,0.0,0.0,0.0,0.0,1.0,0.0,1.0,71.33333333333333
-2.097665090272671,-2.875283029022384,-2.749833863881667,-2.70269021687689,0.0,1.0,0.0,0.0,1.0,0.0,0.0,0.0,0.0,0.0,0.0,1.0,0.0,1.0,0.0,0.0,1.0,30.0
1.96496365145477,1.8297884659486685,2.0259969987622055,2.041459586343466,1.0,0.0,0.0,0.0,1.0,0.0,0.0,1.0,0.0,0.0,0.0,0.0,0.0,0.0,1.0,1.0,0.0,97.0
0.899356112641015,1.4146350987453402,1.3626871567283343,1.2861720554825138,1.0,0.0,0.0,0.0,0.0,1.0,0.0,0.0,0.0,0.0,0.0,1.0,0.0,0.0,1.0,0.0,1.0,86.33333333333333
0.9659565838168748,0.23836722500257712,0.2350604252707533,0.5072817892821568,0.0,1.0,0.0,1.0,0.0,0.0,0.0,1.0,0.0,0.0,0.0,0.0,0.0,0.0,1.0,0.0,1.0,75.33333333333333
-0.6324547244037578,-1.3530540159435143,-0.9588972903902149,-1.0268960077791522,0.0,1.0,0.0,0.0,0.0,1.0,0.0,0.0,0.0,1.0,0.0,0.0,0.0,0.0,1.0,0.0,1.0,53.666666666666664
1.8317627091030506,0.23836722500257712,0.16872944106736618,0.7905146133550138,0.0,1.0,0.0,0.0,0.0,0.0,1.0,0.0,0.0,1.0,0.0,0.0,0.0,0.0,1.0,0.0,1.0,79.33333333333333
1.0325570549927343,0.8610972758075693,0.7657082988978502,0.9321310253914424,0.0,1.0,0.0,1.0,0.0,0.0,0.0,0.0,0.0,1.0,0.0,0.0,0.0,0.0,1.0,0.0,1.0,81.33333333333333
0.23335140088241815,0.030790541400913033,0.10239845686397905,0.12963802385168077,0.0,1.0,0.0,0.0,0.0,1.0,0.0,0.0,0.0,1.0,0.0,0.0,0.0,0.0,1.0,0.0,1.0,70.0
1.8317627091030506,1.207058415143676,1.5616801093384955,1.6166103502341802,1.0,0.0,0.0,1.0,0.0,0.0,0.0,1.0,0.0,0.0,0.0,0.0,0.0,0.0,1.0,1.0,0.0,91.0
0.5663537567617166,-0.7995161930057433,-0.4282494167631179,-0.22440300623939055,0.0,1.0,1.0,0.0,0.0,0.0,0.0,0.0,1.0,0.0,0.0,0.0,0.0,0.0,1.0,1.0,0.0,65.0
-0.9654570802830562,-0.7995161930057433,-0.6935733535766664,-0.8616768604033189,1.0,0.0,0.0,0.0,1.0,0.0,0.0,0.0,0.0,0.0,0.0,1.0,0.0,0.0,1.0,0.0,1.0,56.0
0.6995546991134359,1.2762506430108975,1.0973632199147858,1.0737474374278708,1.0,0.0,1.0,0.0,0.0,0.0,0.0,0.0,0.0,1.0,0.0,0.0,0.0,1.0,0.0,1.0,0.0,83.33333333333333
0.23335140088241815,-0.4535550536696365,-0.6935733535766664,-0.31881394759700954,0.0,1.0,0.0,0.0,0.0,1.0,0.0,0.0,0.0,0.0,0.0,1.0,0.0,1.0,0.0,0.0,1.0,63.666666666666664
-0.09965095499688029,-0.7303239651385219,-1.0252282745936019,-0.6492522423486761,0.0,1.0,1.0,0.0,0.0,0.0,0.0,0.0,0.0,0.0,0.0,0.0,1.0,1.0,0.0,0.0,1.0,59.0
-1.7646627343933725,-1.8373996110140638,-1.9538620534410216,-1.9474026860159375,0.0,1.0,0.0,1.0,0.0,0.0,0.0,0.0,0.0,0.0,0.0,1.0,0.0,1.0,0.0,0.0,1.0,40.666666666666664
0.23335140088241815,1.345442870878119,1.296356172524947,1.0029392314096566,1.0,0.0,0.0,0.0,1.0,0.0,0.0,0.0,0.0,0.0,0.0,1.0,0.0,0.0,1.0,1.0,0.0,82.33333333333333
0.8327556414651553,0.8610972758075693,0.7657082988978502,0.8613228193732282,0.0,1.0,0.0,0.0,0.0,1.0,0.0,1.0,0.0,0.0,0.0,0.0,0.0,1.0,0.0,1.0,0.0,80.33333333333333
0.03354998735483909,0.791905047940348,0.6993773146944631,0.5308845246215615,1.0,0.0,0.0,0.0,1.0,0.0,0.0,0.0,0.0,0.0,0.0,1.0,0.0,0.0,1.0,1.0,0.0,75.66666666666667
0.10015045853069877,-0.10759391433352969,-0.494580400966505,-0.17719753556058104,0.0,1.0,0.0,0.0,1.0,0.0,0.0,0.0,0.0,0.0,0.0,1.0,0.0,1.0,0.0,0.0,1.0,65.66666666666667
-1.2984594361623547,-0.7995161930057433,-0.0965944957461823,-0.7672659190456999,1.0,0.0,0.0,0.0,0.0,1.0,0.0,0.0,0.0,0.0,1.0,0.0,0.0,1.0,0.0,1.0,0.0,57.333333333333336
0.36655234323413755,0.6535205922059053,0.8983702673046244,0.6725009366579902,1.0,0.0,1.0,0.0,0.0,0.0,0.0,0.0,0.0,0.0,0.0,1.0,0.0,0.0,1.0,1.0,0.0,77.66666666666667
-0.6324547244037578,0.37675168073701987,0.3013914094741404,0.011624347154657003,1.0,0.0,0.0,0.0,0.0,0.0,1.0,0.0,0.0,1.0,0.0,0.0,0.0,1.0,0.0,1.0,0.0,68.33333333333333
1.0991575261685942,1.6222117823470044,1.760673061948657,1.5694048795553708,1.0,0.0,0.0,0.0,1.0,0.0,0.0,0.0,1.0,0.0,0.0,0.0,0.0,0.0,1.0,0.0,1.0,90.33333333333331
-0.36605283970031904,-1.2838617880762928,-1.0915592587969891,-0.9560878017609379,0.0,1.0,1.0,0.0,0.0,0.0,0.0,0.0,0.0,0.0,0.0,1.0,0.0,0.0,1.0,1.0,0.0,54.666666666666664
2.0981645938064895,1.207058415143676,1.4290181409317213,1.6638158209129899,0.0,1.0,0.0,0.0,1.0,0.0,0.0,1.0,0.0,0.0,0.0,0.0,0.0,0.0,1.0,1.0,0.0,91.66666666666669
-0.36605283970031904,0.09998276926813439,0.633046330491076,0.12963802385168077,1.0,0.0,0.0,0.0,0.0,1.0,0.0,0.0,0.0,0.0,1.0,0.0,0.0,1.0,0.0,1.0,0.0,70.0
1.6985617667513313,2.1065573774175537,2.0259969987622055,2.041459586343466,1.0,0.0,0.0,0.0,1.0,0.0,0.0,0.0,1.0,0.0,0.0,0.0,0.0,0.0,1.0,1.0,0.0,97.0
0.10015045853069877,-0.17678614220075106,0.3013914094741404,0.08243255317287126,1.0,0.0,0.0,0.0,1.0,0.0,0.0,1.0,0.0,0.0,0.0,0.0,0.0,0.0,1.0,1.0,0.0,69.33333333333333
0.6995546991134359,0.6535205922059053,0.7657082988978502,0.7433091426762044,1.0,0.0,0.0,0.0,0.0,0.0,1.0,0.0,0.0,0.0,0.0,0.0,1.0,0.0,1.0,0.0,1.0,78.66666666666667
-0.0330504838210206,-0.7303239651385219,-1.0915592587969891,-0.6492522423486761,0.0,1.0,0.0,0.0,1.0,0.0,0.0,0.0,0.0,0.0,0.0,1.0,0.0,0.0,1.0,0.0,1.0,59.0
-1.2984594361623547,-1.6298229274123996,-1.7548691008308603,-1.6405671266036759,0.0,1.0,0.0,1.0,0.0,0.0,0.0,0.0,0.0,1.0,0.0,0.0,0.0,0.0,1.0,0.0,1.0,45.0
-0.09965095499688029,-0.7995161930057433,-1.2905522114071504,-0.7672659190456999,0.0,1.0,0.0,0.0,1.0,0.0,0.0,0.0,0.0,0.0,0.0,1.0,0.0,1.0,0.0,0.0,1.0,57.333333333333336
0.10015045853069877,0.16917499713535575,-0.29558744835634365,-0.011978388184747751,0.0,1.0,1.0,0.0,0.0,0.0,0.0,0.0,0.0,0.0,0.0,0.0,1.0,1.0,0.0,0.0,1.0,68.0
-0.23285189734859965,0.584328364338684,0.7657082988978502,0.38926811258513305,1.0,0.0,0.0,0.0,1.0,0.0,0.0,0.0,0.0,0.0,0.0,1.0,0.0,0.0,1.0,1.0,0.0,73.66666666666667
0.4331528144099972,1.553019554479783,1.0310322357113988,1.0501447020884662,1.0,0.0,0.0,0.0,0.0,1.0,0.0,0.0,0.0,1.0,0.0,0.0,0.0,1.0,0.0,0.0,1.0,83.0
-1.6314617920416532,-0.5227472815368579,-0.5609113851698921,-0.9560878017609379,1.0,0.0,0.0,0.0,1.0,0.0,0.0,0.0,0.0,1.0,0.0,0.0,0.0,1.0,0.0,0.0,1.0,54.666666666666664
-0.29945236852445933,-0.10759391433352969,-0.030263511542795184,-0.15359480022117628,1.0,0.0,0.0,0.0,0.0,0.0,1.0,0.0,0.0,0.0,1.0,0.0,0.0,0.0,1.0,0.0,1.0,66.0
0.10015045853069877,0.37675168073701987,0.8320392831012373,0.4600763186033473,1.0,0.0,0.0,0.0,0.0,1.0,0.0,0.0,1.0,0.0,0.0,0.0,0.0,0.0,1.0,1.0,0.0,74.66666666666667
0.03354998735483909,0.9994817315420121,0.8320392831012373,0.6488982013185853,1.0,0.0,0.0,0.0,1.0,0.0,0.0,1.0,0.0,0.0,0.0,0.0,0.0,0.0,1.0,1.0,0.0,77.33333333333333
-1.1652584938106352,-0.8687084208729646,-1.4895451640173119,-1.239320625833795,0.0,1.0,0.0,0.0,0.0,1.0,0.0,0.0,0.0,0.0,0.0,1.0,0.0,1.0,0.0,0.0,1.0,50.666666666666664
-2.097665090272671,-1.7682073831468423,-1.688538116627473,-1.9474026860159375,1.0,0.0,0.0,0.0,1.0,0.0,0.0,0.0,0.0,0.0,0.0,1.0,0.0,1.0,0.0,0.0,1.0,40.666666666666664
0.10015045853069877,0.030790541400913033,-0.1629254799495694,-0.011978388184747751,0.0,1.0,1.0,0.0,0.0,0.0,0.0,0.0,0.0,1.0,0.0,0.0,0.0,0.0,1.0,0.0,1.0,68.0
0.16675092970655847,0.4459439086042412,0.3677223936775275,0.3420626419063236,1.0,0.0,0.0,1.0,0.0,0.0,0.0,0.0,0.0,1.0,0.0,0.0,0.0,0.0,1.0,1.0,0.0,73.0
0.23335140088241815,0.30755945286979847,0.16872944106736618,0.24765170054870453,0.0,1.0,0.0,0.0,1.0,0.0,0.0,0.0,0.0,1.0,0.0,0.0,0.0,0.0,1.0,0.0,1.0,71.66666666666667
0.899356112641015,1.0686739594092334,1.0973632199147858,1.0737474374278708,1.0,0.0,0.0,0.0,0.0,0.0,1.0,0.0,0.0,0.0,0.0,0.0,1.0,0.0,1.0,1.0,0.0,83.33333333333333
0.5663537567617166,0.791905047940348,1.0310322357113988,0.8377200840338234,1.0,0.0,0.0,0.0,1.0,0.0,0.0,0.0,0.0,0.0,0.0,1.0,0.0,0.0,1.0,1.0,0.0,80.0
-0.23285189734859965,-0.38436282580241515,-0.0965944957461823,-0.2480057415787953,1.0,0.0,0.0,0.0,0.0,1.0,0.0,0.0,0.0,0.0,0.0,1.0,0.0,0.0,1.0,0.0,1.0,64.66666666666667
-0.0330504838210206,-0.6611317372713006,-0.7599043377800535,-0.5076358303122476,0.0,1.0,0.0,1.0,0.0,0.0,0.0,0.0,1.0,0.0,0.0,0.0,0.0,0.0,1.0,0.0,1.0,61.0
0.4997532855858569,1.4146350987453402,1.296356172524947,1.1209529081066805,1.0,0.0,0.0,1.0,0.0,0.0,0.0,0.0,0.0,0.0,0.0,0.0,1.0,1.0,0.0,1.0,0.0,84.0
-1.4982608496899337,-1.2838617880762928,-0.8925663061868278,-1.2865260965126044,1.0,0.0,0.0,0.0,1.0,0.0,0.0,0.0,0.0,0.0,0.0,0.0,1.0,0.0,1.0,1.0,0.0,50.0
0.36655234323413755,0.16917499713535575,0.3677223936775275,0.3184599065669188,1.0,0.0,0.0,1.0,0.0,0.0,0.0,0.0,1.0,0.0,0.0,0.0,0.0,0.0,1.0,0.0,1.0,72.66666666666667
0.6995546991134359,0.8610972758075693,1.4953491251351085,1.0737474374278708,1.0,0.0,0.0,0.0,0.0,1.0,0.0,0.0,0.0,0.0,1.0,0.0,0.0,0.0,1.0,1.0,0.0,83.33333333333333
-1.3650599073382144,-2.460129661819056,-2.152855006051183,-2.089019098052366,0.0,1.0,0.0,0.0,0.0,1.0,0.0,0.0,0.0,1.0,0.0,0.0,0.0,0.0,1.0,0.0,1.0,38.666666666666664
0.36655234323413755,-0.17678614220075106,-0.29558744835634365,-0.035581123524152505,0.0,1.0,0.0,0.0,1.0,0.0,0.0,0.0,0.0,1.0,0.0,0.0,0.0,0.0,1.0,1.0,0.0,67.66666666666667
1.0325570549927343,0.9994817315420121,0.633046330491076,0.9321310253914424,0.0,1.0,0.0,1.0,0.0,0.0,0.0,1.0,0.0,0.0,0.0,0.0,0.0,0.0,1.0,1.0,0.0,81.33333333333333
-0.29945236852445933,-0.5919395094040792,-0.6935733535766664,-0.5548413009910571,0.0,1.0,0.0,0.0,0.0,0.0,1.0,1.0,0.0,0.0,0.0,0.0,0.0,0.0,1.0,1.0,0.0,60.333333333333336
0.899356112641015,-0.10759391433352969,0.2350604252707533,0.3656653772457283,0.0,1.0,0.0,0.0,0.0,1.0,0.0,1.0,0.0,0.0,0.0,0.0,0.0,0.0,1.0,0.0,1.0,73.33333333333333
-0.8322561379313369,-0.7303239651385219,-0.4282494167631179,-0.6964577130274856,1.0,0.0,0.0,0.0,1.0,0.0,0.0,0.0,0.0,1.0,0.0,0.0,0.0,0.0,1.0,0.0,1.0,58.333333333333336
0.8327556414651553,1.1378661872764548,0.8320392831012373,0.9793364960702519,1.0,0.0,0.0,0.0,0.0,1.0,0.0,0.0,0.0,0.0,0.0,1.0,0.0,0.0,1.0,0.0,1.0,82.0
1.3655594108720328,1.760596238081447,1.163694204118173,1.4985966735371565,1.0,0.0,0.0,1.0,0.0,0.0,0.0,0.0,0.0,1.0,0.0,0.0,0.0,0.0,1.0,0.0,1.0,89.33333333333333
-0.09965095499688029,0.30755945286979847,0.5667153462876888,0.27125443588810927,1.0,0.0,0.0,0.0,1.0,0.0,0.0,0.0,0.0,0.0,0.0,0.0,1.0,0.0,1.0,1.0,0.0,72.0
1.0325570549927343,1.6222117823470044,1.6280110935418828,1.4985966735371565,1.0,0.0,0.0,0.0,1.0,0.0,0.0,1.0,0.0,0.0,0.0,0.0,0.0,1.0,0.0,1.0,0.0,89.33333333333333
-1.7646627343933725,-1.491438471677957,-1.2242212272037634,-1.5697589205854614,1.0,0.0,0.0,1.0,0.0,0.0,0.0,1.0,0.0,0.0,0.0,0.0,0.0,0.0,1.0,0.0,1.0,46.0
1.765162237927191,2.1065573774175537,2.0923279829655925,2.0886650570222756,1.0,0.0,0.0,0.0,0.0,1.0,0.0,0.0,1.0,0.0,0.0,0.0,0.0,1.0,0.0,1.0,0.0,97.66666666666669
-0.09965095499688029,0.16917499713535575,0.3677223936775275,0.1532407591910855,1.0,0.0,0.0,0.0,1.0,0.0,0.0,0.0,1.0,0.0,0.0,0.0,0.0,0.0,1.0,0.0,1.0,70.33333333333333
0.6995546991134359,-0.10759391433352969,0.03606747266059193,0.2240489652092998,0.0,1.0,0.0,0.0,0.0,1.0,0.0,0.0,0.0,0.0,0.0,0.0,1.0,0.0,1.0,1.0,0.0,71.33333333333333
-1.3650599073382144,-0.38436282580241515,-0.1629254799495694,-0.6728549776880809,1.0,0.0,0.0,0.0,1.0,0.0,0.0,0.0,0.0,0.0,0.0,1.0,0.0,1.0,0.0,0.0,1.0,58.666666666666664
1.4321598820478925,1.0686739594092334,0.5003843620843017,1.0501447020884662,0.0,1.0,0.0,1.0,0.0,0.0,0.0,0.0,0.0,0.0,0.0,1.0,0.0,0.0,1.0,1.0,0.0,83.0
-2.29746650380025,-2.460129661819056,-2.020193037644409,-2.372251922125223,1.0,0.0,0.0,0.0,0.0,0.0,1.0,0.0,0.0,0.0,0.0,0.0,1.0,1.0,0.0,0.0,1.0,34.666666666666664
-1.8312632055692322,-0.38436282580241515,-0.7599043377800535,-1.0504987431185568,1.0,0.0,0.0,0.0,1.0,0.0,0.0,1.0,0.0,0.0,0.0,0.0,0.0,0.0,1.0,0.0,1.0,53.333333333333336
1.2989589396961732,0.23836722500257712,0.10239845686397905,0.5780899953003711,0.0,1.0,0.0,0.0,0.0,1.0,0.0,0.0,0.0,0.0,0.0,0.0,1.0,0.0,1.0,0.0,1.0,76.33333333333333
-0.8988566091071966,-2.252552978217392,-1.8875310692376344,-1.7585808033006995,0.0,1.0,0.0,0.0,1.0,0.0,0.0,0.0,0.0,0.0,0.0,0.0,1.0,1.0,0.0,1.0,0.0,43.333333333333336
0.9659565838168748,0.584328364338684,0.8320392831012373,0.8377200840338234,0.0,1.0,1.0,0.0,0.0,0.0,0.0,0.0,0.0,0.0,0.0,1.0,0.0,1.0,0.0,1.0,0.0,80.0
-1.6980622632175129,-2.114168522482949,-2.2855169744579573,-2.1362245687311754,0.0,1.0,0.0,1.0,0.0,0.0,0.0,0.0,0.0,0.0,0.0,1.0,0.0,1.0,0.0,0.0,1.0,38.0
-0.36605283970031904,-0.5919395094040792,-0.4282494167631179,-0.4840330949728428,0.0,1.0,0.0,0.0,1.0,0.0,0.0,0.0,0.0,0.0,0.0,1.0,0.0,0.0,1.0,0.0,1.0,61.333333333333336
1.4321598820478925,0.23836722500257712,0.633046330491076,0.8141173486944187,0.0,1.0,0.0,0.0,0.0,1.0,0.0,0.0,0.0,0.0,0.0,1.0,0.0,0.0,1.0,0.0,1.0,79.66666666666667
-0.4992537820520384,1.0686739594092334,0.7657082988978502,0.4600763186033473,1.0,0.0,1.0,0.0,0.0,0.0,0.0,0.0,0.0,0.0,0.0,0.0,1.0,0.0,1.0,1.0,0.0,74.66666666666667
0.9659565838168748,1.8989806938158897,1.827004046152044,1.640213085573585,1.0,0.0,0.0,0.0,0.0,1.0,0.0,0.0,0.0,0.0,0.0,0.0,1.0,0.0,1.0,0.0,1.0,91.33333333333331
-0.5658542532278981,-1.0070928766074074,-1.3568831956105376,-1.0268960077791522,0.0,1.0,0.0,0.0,1.0,0.0,0.0,0.0,1.0,0.0,0.0,0.0,0.0,0.0,1.0,0.0,1.0,53.666666666666664
-0.16625142617273997,1.0686739594092334,1.0973632199147858,0.6961036719973949,1.0,0.0,0.0,0.0,1.0,0.0,0.0,0.0,0.0,0.0,0.0,1.0,0.0,1.0,0.0,1.0,0.0,78.0
0.9659565838168748,1.553019554479783,1.4953491251351085,1.4041857321795375,1.0,0.0,0.0,0.0,0.0,0.0,1.0,0.0,0.0,0.0,1.0,0.0,0.0,0.0,1.0,0.0,1.0,88.0
0.23335140088241815,0.030790541400913033,-0.22925646415295653,0.011624347154657003,0.0,1.0,0.0,0.0,1.0,0.0,0.0,0.0,0.0,1.0,0.0,0.0,0.0,0.0,1.0,0.0,1.0,68.33333333333333
-0.29945236852445933,0.584328364338684,0.6993773146944631,0.3420626419063236,1.0,0.0,0.0,0.0,1.0,0.0,0.0,0.0,1.0,0.0,0.0,0.0,0.0,1.0,0.0,0.0,1.0,73.0
0.6995546991134359,-0.5227472815368579,-0.4282494167631179,-0.08278659420296201,0.0,1.0,0.0,0.0,0.0,1.0,0.0,0.0,0.0,0.0,0.0,1.0,0.0,0.0,1.0,1.0,0.0,67.0
-0.29945236852445933,-0.38436282580241515,-0.29558744835634365,-0.3424166829364143,1.0,0.0,0.0,0.0,0.0,1.0,0.0,0.0,0.0,1.0,0.0,0.0,0.0,0.0,1.0,0.0,1.0,63.333333333333336
1.3655594108720328,1.0686739594092334,1.6280110935418828,1.4277884675189423,1.0,0.0,0.0,0.0,0.0,0.0,1.0,0.0,0.0,0.0,0.0,1.0,0.0,0.0,1.0,0.0,1.0,88.33333333333333
0.03354998735483909,0.37675168073701987,0.10239845686397905,0.17684349453049028,1.0,0.0,0.0,0.0,1.0,0.0,0.0,0.0,0.0,0.0,0.0,1.0,0.0,1.0,0.0,1.0,0.0,70.66666666666667
-0.29945236852445933,0.16917499713535575,-0.22925646415295653,-0.12999206488177154,0.0,1.0,1.0,0.0,0.0,0.0,0.0,0.0,1.0,0.0,0.0,0.0,0.0,1.0,0.0,0.0,1.0,66.33333333333333
0.6329542279375763,0.16917499713535575,0.16872944106736618,0.3420626419063236,1.0,0.0,0.0,0.0,0.0,1.0,0.0,0.0,0.0,0.0,0.0,0.0,1.0,0.0,1.0,0.0,1.0,73.0
-0.23285189734859965,-0.17678614220075106,0.10239845686397905,-0.10638932954236677,1.0,0.0,0.0,0.0,1.0,0.0,0.0,1.0,0.0,0.0,0.0,0.0,0.0,0.0,1.0,0.0,1.0,66.66666666666667
1.4321598820478925,1.760596238081447,1.5616801093384955,1.6638158209129899,1.0,0.0,0.0,1.0,0.0,0.0,0.0,0.0,0.0,0.0,0.0,1.0,0.0,0.0,1.0,1.0,0.0,91.66666666666669
0.36655234323413755,0.6535205922059053,0.3677223936775275,0.48367905394275207,0.0,1.0,0.0,0.0,0.0,1.0,0.0,1.0,0.0,0.0,0.0,0.0,0.0,0.0,1.0,0.0,1.0,75.0
-0.7656556667554771,-0.38436282580241515,0.10239845686397905,-0.3660194182758191,1.0,0.0,0.0,0.0,0.0,1.0,0.0,0.0,0.0,0.0,1.0,0.0,0.0,0.0,1.0,0.0,1.0,63.0
-0.36605283970031904,-0.8687084208729646,-0.8262353219834406,-0.7200604483668903,0.0,1.0,0.0,0.0,1.0,0.0,0.0,0.0,0.0,0.0,0.0,0.0,1.0,1.0,0.0,0.0,1.0,58.0
-1.0986580226347755,-1.906591838881285,-1.3568831956105376,-1.522553449906652,0.0,1.0,0.0,0.0,0.0,1.0,0.0,0.0,1.0,0.0,0.0,0.0,0.0,1.0,0.0,0.0,1.0,46.666666666666664
1.3655594108720328,0.9994817315420121,0.5003843620843017,1.0029392314096566,0.0,1.0,0.0,0.0,0.0,0.0,1.0,0.0,0.0,0.0,0.0,0.0,1.0,0.0,1.0,1.0,0.0,82.33333333333333
-0.8322561379313369,-1.2146695602090716,-1.1578902430003761,-1.121306949136771,0.0,1.0,0.0,1.0,0.0,0.0,0.0,0.0,0.0,0.0,0.0,1.0,0.0,0.0,1.0,0.0,1.0,52.333333333333336
-2.963471215558847,-2.114168522482949,-2.3518479586613443,-2.6082792755192705,1.0,0.0,0.0,0.0,1.0,0.0,0.0,0.0,0.0,0.0,0.0,1.0,0.0,1.0,0.0,0.0,1.0,31.333333333333332
-0.0330504838210206,0.30755945286979847,0.03606747266059193,0.10603528851227602,0.0,1.0,0.0,0.0,0.0,1.0,0.0,0.0,0.0,1.0,0.0,0.0,0.0,1.0,0.0,0.0,1.0,69.66666666666667
1.0991575261685942,0.8610972758075693,1.0310322357113988,1.0501447020884662,0.0,1.0,0.0,0.0,1.0,0.0,0.0,0.0,1.0,0.0,0.0,0.0,0.0,0.0,1.0,1.0,0.0,83.0
-0.6990551955796175,-0.10759391433352969,0.3677223936775275,-0.15359480022117628,1.0,0.0,0.0,0.0,0.0,1.0,0.0,0.0,0.0,1.0,0.0,0.0,0.0,0.0,1.0,1.0,0.0,66.0
-0.8322561379313369,-0.31517059793519375,-0.22925646415295653,-0.4840330949728428,1.0,0.0,0.0,1.0,0.0,0.0,0.0,1.0,0.0,0.0,0.0,0.0,0.0,1.0,0.0,0.0,1.0,61.333333333333336
0.4997532855858569,0.6535205922059053,0.8983702673046244,0.7197064073367996,1.0,0.0,0.0,0.0,0.0,1.0,0.0,0.0,0.0,0.0,1.0,0.0,0.0,0.0,1.0,0.0,1.0,78.33333333333333
1.3655594108720328,0.30755945286979847,0.10239845686397905,0.6252954659791806,0.0,1.0,0.0,0.0,0.0,0.0,1.0,0.0,0.0,0.0,0.0,1.0,0.0,1.0,0.0,1.0,0.0,77.0
1.2989589396961732,0.791905047940348,0.43405337788091464,0.8849255547126329,0.0,1.0,0.0,0.0,0.0,0.0,1.0,0.0,0.0,1.0,0.0,0.0,0.0,1.0,0.0,1.0,0.0,80.66666666666667
-0.0330504838210206,-0.31517059793519375,-0.5609113851698921,-0.31881394759700954,0.0,1.0,0.0,1.0,0.0,0.0,0.0,0.0,0.0,0.0,0.0,1.0,0.0,0.0,1.0,0.0,1.0,63.666666666666664
-0.09965095499688029,-0.17678614220075106,-0.22925646415295653,-0.17719753556058104,0.0,1.0,0.0,0.0,1.0,0.0,0.0,1.0,0.0,0.0,0.0,0.0,0.0,1.0,0.0,1.0,0.0,65.66666666666667
-0.5658542532278981,0.23836722500257712,-0.030263511542795184,-0.12999206488177154,1.0,0.0,0.0,0.0,1.0,0.0,0.0,1.0,0.0,0.0,0.0,0.0,0.0,0.0,1.0,0.0,1.0,66.33333333333333
0.5663537567617166,0.8610972758075693,1.4290181409317213,1.0029392314096566,1.0,0.0,0.0,0.0,1.0,0.0,0.0,1.0,0.0,0.0,0.0,0.0,0.0,0.0,1.0,1.0,0.0,82.33333333333333
-0.9654570802830562,0.4459439086042412,0.10239845686397905,-0.15359480022117628,1.0,0.0,0.0,1.0,0.0,0.0,0.0,1.0,0.0,0.0,0.0,0.0,0.0,1.0,0.0,0.0,1.0,66.0
-0.8322561379313369,-0.38436282580241515,-0.22925646415295653,-0.5076358303122476,1.0,0.0,0.0,0.0,1.0,0.0,0.0,0.0,0.0,0.0,0.0,1.0,0.0,0.0,1.0,0.0,1.0,61.0
1.0325570549927343,1.0686739594092334,1.163694204118173,1.1445556434460853,1.0,0.0,0.0,0.0,0.0,0.0,1.0,1.0,0.0,0.0,0.0,0.0,0.0,0.0,1.0,1.0,0.0,84.33333333333333
-0.23285189734859965,0.23836722500257712,-0.030263511542795184,-0.011978388184747751,1.0,0.0,0.0,0.0,1.0,0.0,0.0,0.0,0.0,0.0,0.0,0.0,1.0,0.0,1.0,0.0,1.0,68.0
-0.4992537820520384,0.23836722500257712,0.03606747266059193,-0.08278659420296201,1.0,0.0,1.0,0.0,0.0,0.0,0.0,0.0,0.0,0.0,0.0,0.0,1.0,1.0,0.0,0.0,1.0,67.0
0.23335140088241815,-0.10759391433352969,0.2350604252707533,0.12963802385168077,0.0,1.0,0.0,0.0,0.0,0.0,1.0,0.0,1.0,0.0,0.0,0.0,0.0,1.0,0.0,1.0,0.0,70.0
-0.4992537820520384,0.09998276926813439,-0.22925646415295653,-0.22440300623939055,1.0,0.0,0.0,0.0,1.0,0.0,0.0,0.0,0.0,1.0,0.0,0.0,0.0,1.0,0.0,1.0,0.0,65.0
0.4997532855858569,0.09998276926813439,0.7657082988978502,0.48367905394275207,0.0,1.0,0.0,0.0,0.0,1.0,0.0,0.0,1.0,0.0,0.0,0.0,0.0,1.0,0.0,1.0,0.0,75.0
0.36655234323413755,-0.17678614220075106,-0.22925646415295653,-0.011978388184747751,0.0,1.0,1.0,0.0,0.0,0.0,0.0,0.0,0.0,1.0,0.0,0.0,0.0,1.0,0.0,1.0,0.0,68.0
2.0315641226306296,1.553019554479783,1.163694204118173,1.6638158209129899,0.0,1.0,1.0,0.0,0.0,0.0,0.0,1.0,0.0,0.0,0.0,0.0,0.0,0.0,1.0,1.0,0.0,91.66666666666669
-1.2984594361623547,-1.0762851044746287,-1.0252282745936019,-1.1921151551549853,1.0,0.0,0.0,0.0,1.0,0.0,0.0,0.0,0.0,0.0,0.0,0.0,1.0,0.0,1.0,0.0,1.0,51.333333333333336
1.8983631802789103,0.791905047940348,1.0310322357113988,1.3097747908219184,0.0,1.0,0.0,0.0,0.0,1.0,0.0,0.0,0.0,0.0,1.0,0.0,0.0,0.0,1.0,0.0,1.0,86.66666666666667
-1.1652584938106352,-0.4535550536696365,-0.8262353219834406,-0.8616768604033189,1.0,0.0,0.0,0.0,1.0,0.0,0.0,0.0,0.0,0.0,0.0,0.0,1.0,0.0,1.0,0.0,1.0,56.0
-0.16625142617273997,-0.937900648740186,-1.0915592587969891,-0.7672659190456999,0.0,1.0,0.0,0.0,0.0,0.0,1.0,1.0,0.0,0.0,0.0,0.0,0.0,1.0,0.0,0.0,1.0,57.333333333333336
-2.8302702732071277,-2.1833607503501704,-2.749833863881667,-2.7262929522162946,1.0,0.0,0.0,1.0,0.0,0.0,0.0,0.0,0.0,0.0,0.0,0.0,1.0,1.0,0.0,0.0,1.0,29.666666666666668
0.6995546991134359,-0.03840168646630833,-0.030263511542795184,0.2240489652092998,0.0,1.0,0.0,0.0,0.0,0.0,1.0,1.0,0.0,0.0,0.0,0.0,0.0,1.0,0.0,1.0,0.0,71.33333333333333
-0.7656556667554771,-0.7303239651385219,-0.9588972903902149,-0.8616768604033189,0.0,1.0,0.0,1.0,0.0,0.0,0.0,0.0,1.0,0.0,0.0,0.0,0.0,1.0,0.0,0.0,1.0,56.0
0.4997532855858569,1.345442870878119,1.0310322357113988,1.0029392314096566,1.0,0.0,0.0,0.0,0.0,1.0,0.0,0.0,0.0,0.0,0.0,1.0,0.0,0.0,1.0,0.0,1.0,82.33333333333333
0.16675092970655847,0.030790541400913033,-0.0965944957461823,0.03522708249406176,0.0,1.0,0.0,0.0,0.0,1.0,0.0,0.0,0.0,1.0,0.0,0.0,0.0,1.0,0.0,0.0,1.0,68.66666666666667
0.6995546991134359,1.4146350987453402,1.0310322357113988,1.0973501727672756,1.0,0.0,0.0,1.0,0.0,0.0,0.0,0.0,0.0,0.0,1.0,0.0,0.0,0.0,1.0,0.0,1.0,83.66666666666667
0.6329542279375763,0.23836722500257712,-0.030263511542795184,0.29485717122751404,0.0,1.0,0.0,0.0,0.0,1.0,0.0,0.0,0.0,1.0,0.0,0.0,0.0,0.0,1.0,0.0,1.0,72.33333333333333
-0.36605283970031904,0.030790541400913033,0.5003843620843017,0.05882981783346651,0.0,1.0,0.0,0.0,0.0,1.0,0.0,0.0,1.0,0.0,0.0,0.0,0.0,1.0,0.0,1.0,0.0,69.0
1.765162237927191,0.9994817315420121,1.4290181409317213,1.4749939381977517,0.0,1.0,0.0,0.0,1.0,0.0,0.0,0.0,0.0,0.0,0.0,1.0,0.0,0.0,1.0,1.0,0.0,89.0
-0.29945236852445933,-1.0070928766074074,-0.9588972903902149,-0.7908686543851047,0.0,1.0,0.0,1.0,0.0,0.0,0.0,0.0,0.0,1.0,0.0,0.0,0.0,0.0,1.0,0.0,1.0,57.0
-0.16625142617273997,-0.6611317372713006,-0.6935733535766664,-0.5312385656516523,0.0,1.0,1.0,0.0,0.0,0.0,0.0,0.0,1.0,0.0,0.0,0.0,0.0,0.0,1.0,0.0,1.0,60.666666666666664
-0.0330504838210206,0.584328364338684,0.633046330491076,0.4128708479245378,1.0,0.0,0.0,0.0,0.0,1.0,0.0,0.0,0.0,0.0,0.0,0.0,1.0,0.0,1.0,1.0,0.0,74.0
1.2989589396961732,0.791905047940348,0.7657082988978502,1.0029392314096566,0.0,1.0,0.0,0.0,1.0,0.0,0.0,0.0,0.0,1.0,0.0,0.0,0.0,0.0,1.0,1.0,0.0,82.33333333333333
-1.3650599073382144,-1.906591838881285,-1.4895451640173119,-1.6641698619430805,0.0,1.0,0.0,0.0,1.0,0.0,0.0,0.0,0.0,0.0,1.0,0.0,0.0,1.0,0.0,1.0,0.0,44.666666666666664
0.6329542279375763,1.6914040102142256,1.23002518832156,1.2389665848037041,1.0,0.0,0.0,1.0,0.0,0.0,0.0,1.0,0.0,0.0,0.0,0.0,0.0,1.0,0.0,1.0,0.0,85.66666666666667
-0.4992537820520384,-1.2146695602090716,-1.4895451640173119,-1.121306949136771,0.0,1.0,1.0,0.0,0.0,0.0,0.0,0.0,0.0,1.0,0.0,0.0,0.0,0.0,1.0,0.0,1.0,52.333333333333336
-0.23285189734859965,-1.491438471677957,-1.4232141798139246,-1.0977042137973665,0.0,1.0,0.0,1.0,0.0,0.0,0.0,0.0,0.0,1.0,0.0,0.0,0.0,1.0,0.0,0.0,1.0,52.666666666666664
-1.2984594361623547,-0.7303239651385219,-1.2242212272037634,-1.144909684476176,1.0,0.0,1.0,0.0,0.0,0.0,0.0,0.0,0.0,0.0,0.0,0.0,1.0,1.0,0.0,0.0,1.0,52.0
-0.36605283970031904,-0.2459783700679724,-0.494580400966505,-0.3896221536152238,0.0,1.0,0.0,0.0,1.0,0.0,0.0,0.0,1.0,0.0,0.0,0.0,0.0,1.0,0.0,0.0,1.0,62.666666666666664
0.36655234323413755,-0.38436282580241515,-0.3619184325597308,-0.12999206488177154,0.0,1.0,0.0,0.0,0.0,0.0,1.0,1.0,0.0,0.0,0.0,0.0,0.0,0.0,1.0,0.0,1.0,66.33333333333333
-1.8312632055692322,-2.114168522482949,-2.2855169744579573,-2.183430039409985,0.0,1.0,1.0,0.0,0.0,0.0,0.0,0.0,0.0,0.0,0.0,0.0,1.0,1.0,0.0,0.0,1.0,37.333333333333336
1.2989589396961732,0.4459439086042412,0.3677223936775275,0.7433091426762044,0.0,1.0,0.0,0.0,0.0,0.0,1.0,0.0,0.0,0.0,0.0,1.0,0.0,0.0,1.0,0.0,1.0,78.66666666666667
-1.2984594361623547,-1.1454773323418501,-0.6935733535766664,-1.0977042137973665,1.0,0.0,0.0,0.0,0.0,1.0,0.0,1.0,0.0,0.0,0.0,0.0,0.0,1.0,0.0,0.0,1.0,52.666666666666664
0.9659565838168748,0.8610972758075693,0.8983702673046244,0.9557337607308471,0.0,1.0,0.0,1.0,0.0,0.0,0.0,1.0,0.0,0.0,0.0,0.0,0.0,0.0,1.0,1.0,0.0,81.66666666666667
-0.5658542532278981,-0.5227472815368579,-0.6272423693732793,-0.6020467716698666,1.0,0.0,0.0,1.0,0.0,0.0,0.0,0.0,0.0,1.0,0.0,0.0,0.0,0.0,1.0,0.0,1.0,59.666666666666664
-0.4992537820520384,0.09998276926813439,0.10239845686397905,-0.10638932954236677,1.0,0.0,0.0,0.0,1.0,0.0,0.0,0.0,0.0,0.0,0.0,1.0,0.0,0.0,1.0,0.0,1.0,66.66666666666667
0.8327556414651553,1.345442870878119,1.3626871567283343,1.2389665848037041,1.0,0.0,0.0,0.0,0.0,1.0,0.0,0.0,1.0,0.0,0.0,0.0,0.0,0.0,1.0,0.0,1.0,85.66666666666667
-0.09965095499688029,1.1378661872764548,0.7657082988978502,0.6252954659791806,1.0,0.0,0.0,0.0,1.0,0.0,0.0,0.0,0.0,0.0,0.0,0.0,1.0,1.0,0.0,0.0,1.0,77.0
-0.09965095499688029,0.791905047940348,0.3013914094741404,0.3420626419063236,1.0,0.0,0.0,1.0,0.0,0.0,0.0,0.0,0.0,1.0,0.0,0.0,0.0,0.0,1.0,0.0,1.0,73.0
-1.0986580226347755,-1.3530540159435143,-1.4232141798139246,-1.3573343025308187,1.0,0.0,0.0,0.0,0.0,0.0,1.0,0.0,0.0,1.0,0.0,0.0,0.0,0.0,1.0,0.0,1.0,49.0
-1.4982608496899337,-0.38436282580241515,-0.6935733535766664,-0.9088823310821283,1.0,0.0,1.0,0.0,0.0,0.0,0.0,0.0,0.0,0.0,0.0,0.0,1.0,1.0,0.0,0.0,1.0,55.333333333333336
0.29995187205827784,0.030790541400913033,0.10239845686397905,0.1532407591910855,1.0,0.0,0.0,0.0,0.0,0.0,1.0,0.0,1.0,0.0,0.0,0.0,0.0,0.0,1.0,1.0,0.0,70.33333333333333
-0.4326533108761787,-0.10759391433352969,0.2350604252707533,-0.10638932954236677,1.0,0.0,0.0,0.0,1.0,0.0,0.0,0.0,0.0,1.0,0.0,0.0,0.0,0.0,1.0,0.0,1.0,66.66666666666667
1.2989589396961732,0.7227128200731266,0.43405337788091464,0.8613228193732282,0.0,1.0,0.0,0.0,0.0,1.0,0.0,0.0,0.0,0.0,0.0,0.0,1.0,0.0,1.0,0.0,1.0,80.33333333333333
-0.8988566091071966,-0.5227472815368579,-0.8262353219834406,-0.7908686543851047,1.0,0.0,0.0,0.0,1.0,0.0,0.0,0.0,0.0,0.0,0.0,1.0,0.0,0.0,1.0,0.0,1.0,57.0
1.4987603532237521,2.1065573774175537,2.0923279829655925,1.9942541156646563,1.0,0.0,0.0,0.0,0.0,1.0,0.0,0.0,1.0,0.0,0.0,0.0,0.0,0.0,1.0,0.0,1.0,96.33333333333331
-0.09965095499688029,0.030790541400913033,0.3677223936775275,0.10603528851227602,1.0,0.0,1.0,0.0,0.0,0.0,0.0,1.0,0.0,0.0,0.0,0.0,0.0,0.0,1.0,1.0,0.0,69.66666666666667
0.7661551702892957,0.9302895036747907,0.7657082988978502,0.8613228193732282,0.0,1.0,0.0,0.0,0.0,0.0,1.0,0.0,0.0,0.0,0.0,0.0,1.0,1.0,0.0,1.0,0.0,80.33333333333333
-0.23285189734859965,0.23836722500257712,0.633046330491076,0.2240489652092998,1.0,0.0,0.0,0.0,0.0,1.0,0.0,0.0,1.0,0.0,0.0,0.0,0.0,1.0,0.0,0.0,1.0,71.33333333333333
0.5663537567617166,1.2762506430108975,1.0973632199147858,1.0265419667490614,1.0,0.0,0.0,0.0,1.0,0.0,0.0,0.0,0.0,1.0,0.0,0.0,0.0,0.0,1.0,0.0,1.0,82.66666666666667
-1.3650599073382144,-1.0762851044746287,-0.6935733535766664,-1.0977042137973665,1.0,0.0,0.0,1.0,0.0,0.0,0.0,0.0,0.0,1.0,0.0,0.0,0.0,1.0,0.0,1.0,0.0,52.666666666666664
-1.0986580226347755,-0.6611317372713006,-0.5609113851698921,-0.8144713897245094,1.0,0.0,0.0,0.0,1.0,0.0,0.0,0.0,0.0,0.0,0.0,0.0,1.0,1.0,0.0,1.0,0.0,56.666666666666664
-0.09965095499688029,0.9994817315420121,1.0310322357113988,0.6725009366579902,1.0,0.0,0.0,0.0,1.0,0.0,0.0,1.0,0.0,0.0,0.0,0.0,0.0,0.0,1.0,1.0,0.0,77.66666666666667
-0.09965095499688029,0.4459439086042412,0.5003843620843017,0.29485717122751404,1.0,0.0,0.0,0.0,1.0,0.0,0.0,1.0,0.0,0.0,0.0,0.0,0.0,0.0,1.0,0.0,1.0,72.33333333333333
1.565360824399612,1.4146350987453402,0.8983702673046244,1.356980261500728,0.0,1.0,0.0,0.0,0.0,0.0,1.0,1.0,0.0,0.0,0.0,0.0,0.0,1.0,0.0,0.0,1.0,87.33333333333333
-0.6324547244037578,-1.0762851044746287,-0.8262353219834406,-0.8852795957427236,0.0,1.0,0.0,0.0,1.0,0.0,0.0,1.0,0.0,0.0,0.0,0.0,0.0,0.0,1.0,1.0,0.0,55.666666666666664
-0.9654570802830562,-1.1454773323418501,-1.2905522114071504,-1.1921151551549853,0.0,1.0,0.0,0.0,1.0,0.0,0.0,0.0,0.0,1.0,0.0,0.0,0.0,0.0,1.0,0.0,1.0,51.333333333333336
-0.09965095499688029,-0.38436282580241515,-0.4282494167631179,-0.31881394759700954,1.0,0.0,0.0,1.0,0.0,0.0,0.0,0.0,0.0,1.0,0.0,0.0,0.0,0.0,1.0,0.0,1.0,63.666666666666664
1.1657579973444538,0.9994817315420121,0.7657082988978502,1.0265419667490614,0.0,1.0,0.0,0.0,0.0,1.0,0.0,0.0,0.0,0.0,0.0,0.0,1.0,0.0,1.0,0.0,1.0,82.66666666666667
-0.29945236852445933,0.4459439086042412,0.7657082988978502,0.3184599065669188,1.0,0.0,0.0,0.0,1.0,0.0,0.0,1.0,0.0,0.0,0.0,0.0,0.0,0.0,1.0,1.0,0.0,72.66666666666667
0.9659565838168748,0.16917499713535575,0.5667153462876888,0.6016927306397758,0.0,1.0,0.0,0.0,0.0,1.0,0.0,1.0,0.0,0.0,0.0,0.0,0.0,0.0,1.0,1.0,0.0,76.66666666666667
-1.3650599073382144,-1.8373996110140638,-1.8212000850342474,-1.7585808033006995,0.0,1.0,0.0,0.0,0.0,0.0,1.0,1.0,0.0,0.0,0.0,0.0,0.0,1.0,0.0,0.0,1.0,43.333333333333336
0.29995187205827784,-0.2459783700679724,-0.5609113851698921,-0.17719753556058104,0.0,1.0,0.0,0.0,0.0,1.0,0.0,1.0,0.0,0.0,0.0,0.0,0.0,0.0,1.0,0.0,1.0,65.66666666666667
-1.1652584938106352,-1.4222462438107355,-1.8212000850342474,-1.5461561852460568,0.0,1.0,0.0,0.0,1.0,0.0,0.0,0.0,0.0,0.0,0.0,0.0,1.0,0.0,1.0,0.0,1.0,46.333333333333336
-1.0320575514589159,-0.7995161930057433,-0.9588972903902149,-0.9796905371003427,1.0,0.0,0.0,0.0,0.0,1.0,0.0,0.0,0.0,0.0,0.0,1.0,0.0,0.0,1.0,0.0,1.0,54.333333333333336
0.16675092970655847,0.5151361364714626,0.3013914094741404,0.3420626419063236,1.0,0.0,0.0,0.0,0.0,1.0,0.0,0.0,0.0,1.0,0.0,0.0,0.0,0.0,1.0,0.0,1.0,73.0
-1.231858964986495,-1.0762851044746287,-1.0252282745936019,-1.1685124198155807,1.0,0.0,0.0,0.0,0.0,1.0,0.0,0.0,0.0,0.0,0.0,0.0,1.0,1.0,0.0,0.0,1.0,51.666666666666664
0.4331528144099972,-0.17678614220075106,-0.6272423693732793,-0.12999206488177154,0.0,1.0,0.0,0.0,0.0,0.0,1.0,0.0,0.0,0.0,0.0,0.0,1.0,1.0,0.0,1.0,0.0,66.33333333333333
2.0981645938064895,1.1378661872764548,1.4290181409317213,1.640213085573585,0.0,1.0,0.0,0.0,1.0,0.0,0.0,0.0,0.0,0.0,0.0,1.0,0.0,0.0,1.0,1.0,0.0,91.33333333333331
2.164765064982349,2.1065573774175537,2.0923279829655925,2.230281469058704,1.0,0.0,0.0,0.0,0.0,0.0,1.0,0.0,1.0,0.0,0.0,0.0,0.0,0.0,1.0,1.0,0.0,99.66666666666669
0.4997532855858569,0.23836722500257712,-0.0965944957461823,0.2240489652092998,0.0,1.0,0.0,0.0,1.0,0.0,0.0,1.0,0.0,0.0,0.0,0.0,0.0,0.0,1.0,0.0,1.0,71.33333333333333
0.10015045853069877,-0.6611317372713006,-0.6272423693732793,-0.41322488895462856,0.0,1.0,0.0,0.0,0.0,0.0,1.0,0.0,0.0,0.0,0.0,1.0,0.0,0.0,1.0,0.0,1.0,62.333333333333336
-0.8988566091071966,-1.0762851044746287,-1.3568831956105376,-1.1685124198155807,0.0,1.0,0.0,0.0,0.0,1.0,0.0,1.0,0.0,0.0,0.0,0.0,0.0,1.0,0.0,0.0,1.0,51.666666666666664
1.3655594108720328,0.9994817315420121,1.0973632199147858,1.2153638494642995,0.0,1.0,0.0,0.0,0.0,1.0,0.0,1.0,0.0,0.0,0.0,0.0,0.0,0.0,1.0,1.0,0.0,85.33333333333333
0.29995187205827784,0.6535205922059053,0.16872944106736618,0.38926811258513305,0.0,1.0,0.0,0.0,1.0,0.0,0.0,0.0,0.0,1.0,0.0,0.0,0.0,0.0,1.0,0.0,1.0,73.66666666666667
0.03354998735483909,0.30755945286979847,0.10239845686397905,0.1532407591910855,0.0,1.0,0.0,0.0,1.0,0.0,0.0,0.0,0.0,0.0,0.0,1.0,0.0,1.0,0.0,1.0,0.0,70.33333333333333
0.4331528144099972,1.1378661872764548,0.8983702673046244,0.8613228193732282,1.0,0.0,0.0,0.0,0.0,1.0,0.0,0.0,0.0,0.0,0.0,0.0,1.0,0.0,1.0,0.0,1.0,80.33333333333333
0.6329542279375763,0.030790541400913033,0.03606747266059193,0.24765170054870453,0.0,1.0,0.0,0.0,0.0,1.0,0.0,0.0,0.0,0.0,0.0,0.0,1.0,0.0,1.0,1.0,0.0,71.66666666666667
-1.4982608496899337,-1.699015155279621,-1.5558761482206989,-1.6641698619430805,1.0,0.0,1.0,0.0,0.0,0.0,0.0,0.0,0.0,0.0,0.0,0.0,1.0,1.0,0.0,0.0,1.0,44.666666666666664
-2.097665090272671,-1.1454773323418501,-1.4895451640173119,-1.6641698619430805,1.0,0.0,0.0,0.0,1.0,0.0,0.0,0.0,0.0,1.0,0.0,0.0,0.0,1.0,0.0,0.0,1.0,44.666666666666664
0.23335140088241815,0.37675168073701987,0.3677223936775275,0.3420626419063236,0.0,1.0,0.0,0.0,1.0,0.0,0.0,0.0,1.0,0.0,0.0,0.0,0.0,1.0,0.0,1.0,0.0,73.0
0.5663537567617166,0.16917499713535575,-0.4282494167631179,0.10603528851227602,0.0,1.0,0.0,0.0,1.0,0.0,0.0,0.0,0.0,0.0,0.0,0.0,1.0,0.0,1.0,0.0,1.0,69.66666666666667
0.4997532855858569,0.4459439086042412,0.3013914094741404,0.4364735832639426,1.0,0.0,0.0,0.0,0.0,0.0,1.0,0.0,0.0,1.0,0.0,0.0,0.0,0.0,1.0,0.0,1.0,74.33333333333333
-0.5658542532278981,-0.7303239651385219,-0.1629254799495694,-0.5076358303122476,1.0,0.0,0.0,0.0,1.0,0.0,0.0,0.0,0.0,0.0,0.0,1.0,0.0,0.0,1.0,0.0,1.0,61.0
0.8327556414651553,1.1378661872764548,1.5616801093384955,1.2389665848037041,1.0,0.0,0.0,1.0,0.0,0.0,0.0,0.0,0.0,0.0,0.0,1.0,0.0,0.0,1.0,0.0,1.0,85.66666666666667
-1.7646627343933725,-1.2146695602090716,-1.688538116627473,-1.6405671266036759,0.0,1.0,0.0,0.0,0.0,1.0,0.0,1.0,0.0,0.0,0.0,0.0,0.0,0.0,1.0,0.0,1.0,45.0
-1.0986580226347755,-0.17678614220075106,-0.3619184325597308,-0.5784440363304618,1.0,0.0,0.0,1.0,0.0,0.0,0.0,0.0,0.0,1.0,0.0,0.0,0.0,1.0,0.0,0.0,1.0,60.0
0.8327556414651553,1.2762506430108975,1.6943420777452698,1.3333775261613232,1.0,0.0,0.0,0.0,0.0,0.0,1.0,1.0,0.0,0.0,0.0,0.0,0.0,0.0,1.0,1.0,0.0,87.0
-0.4992537820520384,-0.31517059793519375,-0.1629254799495694,-0.3424166829364143,0.0,1.0,0.0,1.0,0.0,0.0,0.0,0.0,0.0,0.0,0.0,1.0,0.0,1.0,0.0,1.0,0.0,63.333333333333336
-0.8988566091071966,-0.7995161930057433,-0.22925646415295653,-0.6728549776880809,1.0,0.0,0.0,1.0,0.0,0.0,0.0,1.0,0.0,0.0,0.0,0.0,0.0,0.0,1.0,0.0,1.0,58.666666666666664
-1.6980622632175129,-1.0070928766074074,-1.1578902430003761,-1.3573343025308187,1.0,0.0,0.0,1.0,0.0,0.0,0.0,0.0,0.0,0.0,0.0,0.0,1.0,0.0,1.0,0.0,1.0,49.0
-0.5658542532278981,0.4459439086042412,0.633046330491076,0.17684349453049028,1.0,0.0,0.0,1.0,0.0,0.0,0.0,0.0,0.0,0.0,1.0,0.0,0.0,1.0,0.0,1.0,0.0,70.66666666666667
-0.4992537820520384,0.584328364338684,0.5003843620843017,0.20044622986989502,1.0,0.0,0.0,0.0,0.0,1.0,0.0,0.0,0.0,0.0,0.0,1.0,0.0,1.0,0.0,1.0,0.0,71.0
0.9659565838168748,0.8610972758075693,1.0310322357113988,1.0029392314096566,0.0,1.0,0.0,0.0,0.0,1.0,0.0,0.0,0.0,0.0,0.0,1.0,0.0,0.0,1.0,0.0,1.0,82.33333333333333
-0.8988566091071966,-1.0762851044746287,-1.3568831956105376,-1.1685124198155807,0.0,1.0,1.0,0.0,0.0,0.0,0.0,0.0,0.0,0.0,0.0,0.0,1.0,0.0,1.0,0.0,1.0,51.666666666666664
-0.7656556667554771,-0.7995161930057433,-1.0915592587969891,-0.9324850664215332,0.0,1.0,0.0,0.0,0.0,1.0,0.0,0.0,0.0,0.0,0.0,1.0,0.0,0.0,1.0,0.0,1.0,55.0
0.8327556414651553,-0.17678614220075106,-0.0965944957461823,0.20044622986989502,0.0,1.0,0.0,1.0,0.0,0.0,0.0,0.0,0.0,0.0,0.0,1.0,0.0,0.0,1.0,0.0,1.0,71.0
1.2989589396961732,0.9302895036747907,1.163694204118173,1.1917611141248947,0.0,1.0,0.0,0.0,1.0,0.0,0.0,0.0,1.0,0.0,0.0,0.0,0.0,0.0,1.0,0.0,1.0,85.0
-0.9654570802830562,0.030790541400913033,-0.4282494167631179,-0.4840330949728428,1.0,0.0,0.0,1.0,0.0,0.0,0.0,0.0,0.0,0.0,1.0,0.0,0.0,1.0,0.0,1.0,0.0,61.333333333333336
0.8327556414651553,0.8610972758075693,0.3013914094741404,0.6961036719973949,0.0,1.0,1.0,0.0,0.0,0.0,0.0,0.0,0.0,0.0,0.0,0.0,1.0,1.0,0.0,0.0,1.0,78.0
0.29995187205827784,0.30755945286979847,-0.030263511542795184,0.20044622986989502,0.0,1.0,0.0,0.0,1.0,0.0,0.0,0.0,1.0,0.0,0.0,0.0,0.0,0.0,1.0,1.0,0.0,71.0
-0.4992537820520384,-0.7995161930057433,-1.4232141798139246,-0.9560878017609379,0.0,1.0,0.0,1.0,0.0,0.0,0.0,0.0,0.0,1.0,0.0,0.0,0.0,0.0,1.0,0.0,1.0,54.666666666666664
-0.16625142617273997,0.23836722500257712,0.16872944106736618,0.08243255317287126,1.0,0.0,0.0,1.0,0.0,0.0,0.0,0.0,0.0,1.0,0.0,0.0,0.0,1.0,0.0,0.0,1.0,69.33333333333333
0.03354998735483909,0.16917499713535575,0.3677223936775275,0.20044622986989502,1.0,0.0,0.0,0.0,0.0,1.0,0.0,0.0,0.0,1.0,0.0,0.0,0.0,0.0,1.0,0.0,1.0,71.0
0.29995187205827784,0.5151361364714626,0.5667153462876888,0.48367905394275207,1.0,0.0,0.0,0.0,1.0,0.0,0.0,1.0,0.0,0.0,0.0,0.0,0.0,0.0,1.0,1.0,0.0,75.0
-1.231858964986495,-1.699015155279621,-1.8212000850342474,-1.6641698619430805,0.0,1.0,1.0,0.0,0.0,0.0,0.0,0.0,0.0,1.0,0.0,0.0,0.0,1.0,0.0,0.0,1.0,44.666666666666664
0.16675092970655847,0.9994817315420121,0.8983702673046244,0.7197064073367996,1.0,0.0,1.0,0.0,0.0,0.0,0.0,0.0,0.0,0.0,0.0,1.0,0.0,0.0,1.0,0.0,1.0,78.33333333333333
1.4987603532237521,0.9994817315420121,0.5667153462876888,1.0737474374278708,0.0,1.0,0.0,0.0,0.0,0.0,1.0,0.0,0.0,0.0,0.0,0.0,1.0,0.0,1.0,1.0,0.0,83.33333333333333
-0.6990551955796175,-0.7995161930057433,-0.29558744835634365,-0.6256495070092714,1.0,0.0,1.0,0.0,0.0,0.0,0.0,0.0,0.0,0.0,0.0,1.0,0.0,0.0,1.0,0.0,1.0,59.333333333333336
-0.29945236852445933,-0.2459783700679724,-0.030263511542795184,-0.20080027089998578,0.0,1.0,0.0,1.0,0.0,0.0,0.0,0.0,0.0,0.0,0.0,1.0,0.0,0.0,1.0,1.0,0.0,65.33333333333333
-1.8978636767450918,-1.4222462438107355,-1.5558761482206989,-1.7113753326218901,1.0,0.0,0.0,0.0,0.0,0.0,1.0,0.0,0.0,0.0,0.0,0.0,1.0,1.0,0.0,0.0,1.0,44.0
1.1657579973444538,1.207058415143676,0.8320392831012373,1.1209529081066805,0.0,1.0,0.0,0.0,1.0,0.0,0.0,0.0,0.0,0.0,0.0,1.0,0.0,0.0,1.0,0.0,1.0,84.0
0.10015045853069877,0.16917499713535575,-0.22925646415295653,0.011624347154657003,0.0,1.0,0.0,0.0,0.0,0.0,1.0,0.0,0.0,0.0,0.0,1.0,0.0,0.0,1.0,0.0,1.0,68.33333333333333
0.7661551702892957,0.5151361364714626,0.5667153462876888,0.6488982013185853,0.0,1.0,0.0,0.0,1.0,0.0,0.0,1.0,0.0,0.0,0.0,0.0,0.0,0.0,1.0,1.0,0.0,77.33333333333333
1.2323584685203135,-0.2459783700679724,0.16872944106736618,0.4128708479245378,0.0,1.0,0.0,0.0,0.0,0.0,1.0,0.0,1.0,0.0,0.0,0.0,0.0,0.0,1.0,1.0,0.0,74.0
-0.36605283970031904,-0.10759391433352969,-0.1629254799495694,-0.22440300623939055,1.0,0.0,0.0,1.0,0.0,0.0,0.0,0.0,0.0,0.0,0.0,1.0,0.0,1.0,0.0,0.0,1.0,65.0
0.16675092970655847,0.37675168073701987,0.633046330491076,0.4128708479245378,1.0,0.0,0.0,0.0,1.0,0.0,0.0,0.0,0.0,0.0,0.0,0.0,1.0,0.0,1.0,0.0,1.0,74.0
-1.6980622632175129,-1.6298229274123996,-1.688538116627473,-1.7585808033006995,1.0,0.0,0.0,0.0,1.0,0.0,0.0,0.0,0.0,1.0,0.0,0.0,0.0,1.0,0.0,0.0,1.0,43.333333333333336
-0.9654570802830562,-0.7303239651385219,-0.22925646415295653,-0.6728549776880809,1.0,0.0,0.0,0.0,0.0,1.0,0.0,0.0,0.0,0.0,0.0,1.0,0.0,1.0,0.0,1.0,0.0,58.666666666666664
-0.7656556667554771,-0.31517059793519375,-0.4282494167631179,-0.5312385656516523,1.0,0.0,0.0,0.0,1.0,0.0,0.0,0.0,0.0,0.0,0.0,0.0,1.0,1.0,0.0,0.0,1.0,60.666666666666664
2.0315641226306296,2.1065573774175537,2.0923279829655925,2.1830759983798944,1.0,0.0,0.0,0.0,0.0,1.0,0.0,0.0,0.0,0.0,0.0,0.0,1.0,0.0,1.0,1.0,0.0,99.0
0.7661551702892957,1.207058415143676,1.4953491251351085,1.2153638494642995,1.0,0.0,1.0,0.0,0.0,0.0,0.0,0.0,0.0,0.0,0.0,1.0,0.0,0.0,1.0,1.0,0.0,85.33333333333333
-1.4982608496899337,-1.0762851044746287,-1.0252282745936019,-1.2629233611731998,0.0,1.0,0.0,0.0,0.0,1.0,0.0,0.0,0.0,0.0,0.0,1.0,0.0,0.0,1.0,0.0,1.0,50.333333333333336
-0.23285189734859965,-0.5919395094040792,-0.494580400966505,-0.4604303596334381,0.0,1.0,1.0,0.0,0.0,0.0,0.0,1.0,0.0,0.0,0.0,0.0,0.0,0.0,1.0,0.0,1.0,61.666666666666664
-0.23285189734859965,0.23836722500257712,0.16872944106736618,0.05882981783346651,1.0,0.0,0.0,0.0,1.0,0.0,0.0,0.0,0.0,0.0,0.0,1.0,0.0,1.0,0.0,1.0,0.0,69.0
0.9659565838168748,1.1378661872764548,1.23002518832156,1.16815837878549,1.0,0.0,0.0,0.0,0.0,0.0,1.0,0.0,0.0,0.0,1.0,0.0,0.0,1.0,0.0,0.0,1.0,84.66666666666667
-0.5658542532278981,-0.5919395094040792,-1.0915592587969891,-0.7908686543851047,0.0,1.0,0.0,0.0,1.0,0.0,0.0,0.0,0.0,1.0,0.0,0.0,0.0,1.0,0.0,0.0,1.0,57.0
-0.36605283970031904,0.16917499713535575,0.10239845686397905,-0.035581123524152505,1.0,0.0,0.0,0.0,1.0,0.0,0.0,0.0,0.0,1.0,0.0,0.0,0.0,0.0,1.0,0.0,1.0,67.66666666666667
1.3655594108720328,1.4146350987453402,1.296356172524947,1.4277884675189423,0.0,1.0,0.0,1.0,0.0,0.0,0.0,0.0,1.0,0.0,0.0,0.0,0.0,1.0,0.0,1.0,0.0,88.33333333333333
0.6995546991134359,0.8610972758075693,1.3626871567283343,1.0265419667490614,1.0,0.0,0.0,1.0,0.0,0.0,0.0,0.0,0.0,1.0,0.0,0.0,0.0,0.0,1.0,1.0,0.0,82.66666666666667
-0.6324547244037578,-0.03840168646630833,-0.030263511542795184,-0.2480057415787953,1.0,0.0,0.0,1.0,0.0,0.0,0.0,1.0,0.0,0.0,0.0,0.0,0.0,0.0,1.0,0.0,1.0,64.66666666666667
0.03354998735483909,-0.38436282580241515,0.10239845686397905,-0.08278659420296201,0.0,1.0,0.0,0.0,0.0,1.0,0.0,0.0,0.0,0.0,0.0,1.0,0.0,0.0,1.0,0.0,1.0,67.0
-1.5648613208657933,-1.699015155279621,-1.2242212272037634,-1.5697589205854614,0.0,1.0,0.0,0.0,1.0,0.0,0.0,1.0,0.0,0.0,0.0,0.0,0.0,1.0,0.0,1.0,0.0,46.0
-0.8988566091071966,0.030790541400913033,0.10239845686397905,-0.27160847691820006,1.0,0.0,0.0,1.0,0.0,0.0,0.0,1.0,0.0,0.0,0.0,0.0,0.0,1.0,0.0,0.0,1.0,64.33333333333333
-0.36605283970031904,-0.7995161930057433,-0.8262353219834406,-0.6964577130274856,0.0,1.0,0.0,1.0,0.0,0.0,0.0,1.0,0.0,0.0,0.0,0.0,0.0,1.0,0.0,0.0,1.0,58.333333333333336
-0.5658542532278981,-1.2838617880762928,-1.0915592587969891,-1.0268960077791522,0.0,1.0,0.0,0.0,1.0,0.0,0.0,0.0,0.0,1.0,0.0,0.0,0.0,1.0,0.0,1.0,0.0,53.666666666666664
-1.9644641479209515,-1.6298229274123996,-1.4895451640173119,-1.7821835386401044,1.0,0.0,0.0,1.0,0.0,0.0,0.0,0.0,0.0,0.0,0.0,0.0,1.0,0.0,1.0,0.0,1.0,43.0
-1.7646627343933725,-0.31517059793519375,-0.29558744835634365,-0.8380741250639141,1.0,0.0,0.0,0.0,0.0,1.0,0.0,0.0,0.0,0.0,0.0,0.0,1.0,1.0,0.0,1.0,0.0,56.333333333333336
0.4331528144099972,-0.2459783700679724,-0.1629254799495694,0.011624347154657003,0.0,1.0,0.0,0.0,1.0,0.0,0.0,0.0,0.0,0.0,0.0,0.0,1.0,0.0,1.0,0.0,1.0,68.33333333333333
-0.8322561379313369,-1.4222462438107355,-1.4232141798139246,-1.2865260965126044,0.0,1.0,0.0,0.0,0.0,1.0,0.0,0.0,1.0,0.0,0.0,0.0,0.0,0.0,1.0,0.0,1.0,50.0
-1.4982608496899337,-1.9757840667485065,-2.020193037644409,-1.9237999506765329,0.0,1.0,0.0,1.0,0.0,0.0,0.0,1.0,0.0,0.0,0.0,0.0,0.0,1.0,0.0,0.0,1.0,41.0
0.10015045853069877,0.5151361364714626,0.7657082988978502,0.48367905394275207,1.0,0.0,0.0,1.0,0.0,0.0,0.0,1.0,0.0,0.0,0.0,0.0,0.0,1.0,0.0,1.0,0.0,75.0
0.16675092970655847,-0.2459783700679724,-0.5609113851698921,-0.22440300623939055,0.0,1.0,0.0,0.0,0.0,1.0,0.0,0.0,0.0,0.0,0.0,1.0,0.0,1.0,0.0,0.0,1.0,65.0
-1.231858964986495,-1.2146695602090716,-1.5558761482206989,-1.4045397732096283,0.0,1.0,0.0,1.0,0.0,0.0,0.0,0.0,0.0,0.0,0.0,0.0,1.0,1.0,0.0,0.0,1.0,48.333333333333336
-0.5658542532278981,-1.4222462438107355,-1.7548691008308603,-1.3101288318520092,0.0,1.0,0.0,0.0,1.0,0.0,0.0,0.0,0.0,0.0,0.0,1.0,0.0,0.0,1.0,0.0,1.0,49.666666666666664
-0.23285189734859965,-0.2459783700679724,-0.0965944957461823,-0.20080027089998578,0.0,1.0,0.0,0.0,0.0,1.0,0.0,0.0,1.0,0.0,0.0,0.0,0.0,1.0,0.0,0.0,1.0,65.33333333333333
-0.4326533108761787,0.37675168073701987,0.3677223936775275,0.10603528851227602,1.0,0.0,0.0,0.0,1.0,0.0,0.0,1.0,0.0,0.0,0.0,0.0,0.0,1.0,0.0,0.0,1.0,69.66666666666667
0.7661551702892957,0.8610972758075693,0.6993773146944631,0.8141173486944187,1.0,0.0,0.0,0.0,0.0,1.0,0.0,0.0,1.0,0.0,0.0,0.0,0.0,0.0,1.0,0.0,1.0,79.66666666666667
-0.36605283970031904,-0.5227472815368579,-0.494580400966505,-0.4840330949728428,0.0,1.0,1.0,0.0,0.0,0.0,0.0,0.0,0.0,0.0,0.0,0.0,1.0,1.0,0.0,1.0,0.0,61.333333333333336
-0.29945236852445933,-1.4222462438107355,-1.0915592587969891,-0.9796905371003427,0.0,1.0,0.0,0.0,0.0,1.0,0.0,0.0,0.0,0.0,0.0,0.0,1.0,1.0,0.0,0.0,1.0,54.333333333333336
-0.29945236852445933,-0.17678614220075106,-0.6935733535766664,-0.41322488895462856,0.0,1.0,0.0,0.0,1.0,0.0,0.0,0.0,0.0,1.0,0.0,0.0,0.0,0.0,1.0,0.0,1.0,62.333333333333336
0.29995187205827784,-0.5227472815368579,-1.2242212272037634,-0.5076358303122476,0.0,1.0,1.0,0.0,0.0,0.0,0.0,0.0,0.0,0.0,0.0,0.0,1.0,0.0,1.0,0.0,1.0,61.0
0.36655234323413755,-0.10759391433352969,-0.0965944957461823,0.05882981783346651,0.0,1.0,0.0,1.0,0.0,0.0,0.0,0.0,0.0,0.0,0.0,0.0,1.0,0.0,1.0,0.0,1.0,69.0
0.5663537567617166,1.0686739594092334,0.8983702673046244,0.8849255547126329,1.0,0.0,0.0,1.0,0.0,0.0,0.0,0.0,1.0,0.0,0.0,0.0,0.0,1.0,0.0,0.0,1.0,80.66666666666667
-0.4992537820520384,-0.17678614220075106,-0.494580400966505,-0.41322488895462856,1.0,0.0,0.0,0.0,0.0,1.0,0.0,0.0,0.0,0.0,0.0,0.0,1.0,0.0,1.0,0.0,1.0,62.333333333333336
0.6995546991134359,0.5151361364714626,0.3013914094741404,0.5308845246215615,1.0,0.0,0.0,0.0,0.0,1.0,0.0,1.0,0.0,0.0,0.0,0.0,0.0,0.0,1.0,0.0,1.0,75.66666666666667
-0.9654570802830562,-1.0070928766074074,-1.2905522114071504,-1.144909684476176,0.0,1.0,0.0,0.0,0.0,1.0,0.0,1.0,0.0,0.0,0.0,0.0,0.0,0.0,1.0,0.0,1.0,52.0
0.29995187205827784,0.09998276926813439,0.7657082988978502,0.4128708479245378,1.0,0.0,0.0,0.0,1.0,0.0,0.0,0.0,0.0,0.0,0.0,1.0,0.0,0.0,1.0,1.0,0.0,74.0
-0.9654570802830562,-0.5919395094040792,-0.1629254799495694,-0.6020467716698666,1.0,0.0,0.0,0.0,1.0,0.0,0.0,0.0,1.0,0.0,0.0,0.0,0.0,0.0,1.0,1.0,0.0,59.666666666666664
0.4331528144099972,0.9994817315420121,1.0973632199147858,0.8849255547126329,1.0,0.0,0.0,0.0,0.0,1.0,0.0,0.0,0.0,0.0,0.0,0.0,1.0,0.0,1.0,0.0,1.0,80.66666666666667
1.4321598820478925,1.553019554479783,1.760673061948657,1.6638158209129899,1.0,0.0,0.0,0.0,0.0,1.0,0.0,1.0,0.0,0.0,0.0,0.0,0.0,0.0,1.0,1.0,0.0,91.66666666666669
-0.7656556667554771,-0.31517059793519375,-0.4282494167631179,-0.5312385656516523,1.0,0.0,1.0,0.0,0.0,0.0,0.0,1.0,0.0,0.0,0.0,0.0,0.0,0.0,1.0,1.0,0.0,60.666666666666664
1.3655594108720328,0.30755945286979847,0.5003843620843017,0.7669118780156091,0.0,1.0,0.0,0.0,0.0,0.0,1.0,1.0,0.0,0.0,0.0,0.0,0.0,0.0,1.0,0.0,1.0,79.0
-0.36605283970031904,-1.0070928766074074,-1.0915592587969891,-0.8616768604033189,0.0,1.0,0.0,0.0,0.0,1.0,0.0,1.0,0.0,0.0,0.0,0.0,0.0,0.0,1.0,0.0,1.0,56.0
0.6995546991134359,1.1378661872764548,1.163694204118173,1.0501447020884662,1.0,0.0,0.0,0.0,0.0,1.0,0.0,0.0,0.0,0.0,0.0,1.0,0.0,1.0,0.0,0.0,1.0,83.0
-0.5658542532278981,-1.3530540159435143,-1.5558761482206989,-1.2157178904943902,0.0,1.0,0.0,1.0,0.0,0.0,0.0,0.0,0.0,0.0,0.0,1.0,0.0,0.0,1.0,0.0,1.0,51.0
1.6985617667513313,0.6535205922059053,1.0310322357113988,1.1917611141248947,0.0,1.0,0.0,0.0,1.0,0.0,0.0,1.0,0.0,0.0,0.0,0.0,0.0,0.0,1.0,0.0,1.0,85.0
2.164765064982349,1.6222117823470044,1.4290181409317213,1.829034968288823,1.0,0.0,0.0,0.0,0.0,0.0,1.0,0.0,0.0,1.0,0.0,0.0,0.0,0.0,1.0,0.0,1.0,94.0
0.4331528144099972,0.9302895036747907,0.5003843620843017,0.6488982013185853,1.0,0.0,0.0,1.0,0.0,0.0,0.0,1.0,0.0,0.0,0.0,0.0,0.0,0.0,1.0,0.0,1.0,77.33333333333333
-1.0986580226347755,-0.38436282580241515,-0.1629254799495694,-0.5784440363304618,1.0,0.0,0.0,1.0,0.0,0.0,0.0,0.0,0.0,0.0,0.0,1.0,0.0,0.0,1.0,1.0,0.0,60.0
0.4997532855858569,0.37675168073701987,0.9647012515080116,0.6488982013185853,1.0,0.0,0.0,0.0,1.0,0.0,0.0,1.0,0.0,0.0,0.0,0.0,0.0,0.0,1.0,1.0,0.0,77.33333333333333
-0.36605283970031904,0.23836722500257712,-0.3619184325597308,-0.17719753556058104,1.0,0.0,0.0,0.0,1.0,0.0,0.0,0.0,0.0,1.0,0.0,0.0,0.0,0.0,1.0,0.0,1.0,65.66666666666667
-0.0330504838210206,-0.10759391433352969,-0.29558744835634365,-0.15359480022117628,0.0,1.0,1.0,0.0,0.0,0.0,0.0,0.0,0.0,0.0,0.0,0.0,1.0,0.0,1.0,1.0,0.0,66.0
2.2313655361582088,2.1065573774175537,1.6280110935418828,2.0886650570222756,0.0,1.0,0.0,0.0,0.0,0.0,1.0,1.0,0.0,0.0,0.0,0.0,0.0,1.0,0.0,1.0,0.0,97.66666666666669
1.0991575261685942,0.7227128200731266,0.3013914094741404,0.7433091426762044,0.0,1.0,0.0,0.0,0.0,0.0,1.0,0.0,0.0,0.0,0.0,1.0,0.0,0.0,1.0,0.0,1.0,78.66666666666667
0.36655234323413755,0.6535205922059053,0.5667153462876888,0.5544872599609664,1.0,0.0,0.0,0.0,0.0,0.0,1.0,0.0,0.0,0.0,0.0,0.0,1.0,1.0,0.0,0.0,1.0,76.0
-0.8988566091071966,-1.0070928766074074,-1.3568831956105376,-1.144909684476176,0.0,1.0,0.0,0.0,0.0,0.0,1.0,0.0,0.0,0.0,0.0,1.0,0.0,0.0,1.0,0.0,1.0,52.0
-1.3650599073382144,-0.7995161930057433,-0.7599043377800535,-1.0268960077791522,1.0,0.0,0.0,0.0,1.0,0.0,0.0,1.0,0.0,0.0,0.0,0.0,0.0,0.0,1.0,0.0,1.0,53.666666666666664
-0.09965095499688029,-0.5919395094040792,0.16872944106736618,-0.17719753556058104,1.0,0.0,0.0,0.0,0.0,1.0,0.0,0.0,0.0,1.0,0.0,0.0,0.0,1.0,0.0,1.0,0.0,65.66666666666667
-1.6314617920416532,-1.0070928766074074,-0.9588972903902149,-1.2629233611731998,1.0,0.0,0.0,0.0,0.0,0.0,1.0,0.0,0.0,0.0,0.0,1.0,0.0,1.0,0.0,1.0,0.0,50.333333333333336
1.0991575261685942,1.0686739594092334,1.4290181409317213,1.262569320143109,1.0,0.0,0.0,0.0,1.0,0.0,0.0,1.0,0.0,0.0,0.0,0.0,0.0,0.0,1.0,1.0,0.0,86.0
-0.4326533108761787,-0.7303239651385219,-0.9588972903902149,-0.7436631837062951,0.0,1.0,0.0,0.0,0.0,1.0,0.0,0.0,0.0,0.0,0.0,0.0,1.0,0.0,1.0,0.0,1.0,57.666666666666664
2.2313655361582088,1.8989806938158897,2.0259969987622055,2.1594732630404896,0.0,1.0,0.0,0.0,0.0,1.0,0.0,0.0,0.0,0.0,0.0,1.0,0.0,0.0,1.0,1.0,0.0,98.66666666666669
0.03354998735483909,0.6535205922059053,1.0310322357113988,0.6016927306397758,1.0,0.0,0.0,0.0,1.0,0.0,0.0,0.0,0.0,1.0,0.0,0.0,0.0,1.0,0.0,1.0,0.0,76.66666666666667
-0.8322561379313369,-0.7995161930057433,-0.494580400966505,-0.7436631837062951,1.0,0.0,0.0,0.0,1.0,0.0,0.0,1.0,0.0,0.0,0.0,0.0,0.0,1.0,0.0,0.0,1.0,57.666666666666664
-0.4992537820520384,-1.0762851044746287,-1.1578902430003761,-0.9560878017609379,0.0,1.0,0.0,1.0,0.0,0.0,0.0,0.0,1.0,0.0,0.0,0.0,0.0,0.0,1.0,0.0,1.0,54.666666666666664
-1.231858964986495,-0.5227472815368579,-0.5609113851698921,-0.8144713897245094,1.0,0.0,0.0,1.0,0.0,0.0,0.0,0.0,0.0,1.0,0.0,0.0,0.0,0.0,1.0,0.0,1.0,56.666666666666664
1.565360824399612,0.37675168073701987,0.03606747266059193,0.6961036719973949,0.0,1.0,0.0,0.0,1.0,0.0,0.0,0.0,0.0,1.0,0.0,0.0,0.0,0.0,1.0,0.0,1.0,78.0
1.0325570549927343,0.7227128200731266,0.5667153462876888,0.8141173486944187,1.0,0.0,0.0,1.0,0.0,0.0,0.0,1.0,0.0,0.0,0.0,0.0,0.0,0.0,1.0,0.0,1.0,79.66666666666667
-1.0320575514589159,-0.2459783700679724,-0.4282494167631179,-0.6020467716698666,1.0,0.0,0.0,0.0,0.0,1.0,0.0,0.0,0.0,1.0,0.0,0.0,0.0,0.0,1.0,0.0,1.0,59.666666666666664
-2.097665090272671,-0.5919395094040792,-0.9588972903902149,-1.2865260965126044,1.0,0.0,0.0,0.0,1.0,0.0,0.0,0.0,0.0,1.0,0.0,0.0,0.0,1.0,0.0,0.0,1.0,50.0
0.5663537567617166,1.4146350987453402,1.296356172524947,1.1445556434460853,1.0,0.0,0.0,0.0,0.0,1.0,0.0,1.0,0.0,0.0,0.0,0.0,0.0,1.0,0.0,1.0,0.0,84.33333333333333
0.9659565838168748,1.4838273266125617,1.23002518832156,1.2861720554825138,1.0,0.0,0.0,0.0,1.0,0.0,0.0,0.0,0.0,0.0,1.0,0.0,0.0,0.0,1.0,1.0,0.0,86.33333333333333
1.2323584685203135,0.4459439086042412,0.16872944106736618,0.6488982013185853,0.0,1.0,0.0,0.0,1.0,0.0,0.0,1.0,0.0,0.0,0.0,0.0,0.0,0.0,1.0,0.0,1.0,77.33333333333333
0.16675092970655847,1.1378661872764548,0.8320392831012373,0.7433091426762044,1.0,0.0,0.0,0.0,0.0,1.0,0.0,0.0,0.0,0.0,0.0,0.0,1.0,1.0,0.0,1.0,0.0,78.66666666666667
0.6995546991134359,1.0686739594092334,1.23002518832156,1.0501447020884662,1.0,0.0,0.0,1.0,0.0,0.0,0.0,0.0,1.0,0.0,0.0,0.0,0.0,1.0,0.0,0.0,1.0,83.0
-0.5658542532278981,-1.0070928766074074,-1.0252282745936019,-0.9088823310821283,0.0,1.0,0.0,0.0,1.0,0.0,0.0,1.0,0.0,0.0,0.0,0.0,0.0,1.0,0.0,0.0,1.0,55.333333333333336
-0.9654570802830562,-1.4222462438107355,-1.4895451640173119,-1.3573343025308187,0.0,1.0,0.0,1.0,0.0,0.0,0.0,0.0,0.0,1.0,0.0,0.0,0.0,0.0,1.0,1.0,0.0,49.0
-0.29945236852445933,-0.17678614220075106,-0.494580400966505,-0.3424166829364143,0.0,1.0,0.0,0.0,0.0,1.0,0.0,0.0,0.0,0.0,0.0,0.0,1.0,0.0,1.0,0.0,1.0,63.333333333333336
0.03354998735483909,1.345442870878119,0.8983702673046244,0.7905146133550138,1.0,0.0,0.0,1.0,0.0,0.0,0.0,0.0,0.0,0.0,0.0,0.0,1.0,0.0,1.0,0.0,1.0,79.33333333333333
0.6329542279375763,0.584328364338684,0.7657082988978502,0.6961036719973949,1.0,0.0,0.0,0.0,0.0,0.0,1.0,0.0,0.0,0.0,0.0,1.0,0.0,0.0,1.0,0.0,1.0,78.0
0.10015045853069877,-0.10759391433352969,-0.0965944957461823,-0.035581123524152505,0.0,1.0,0.0,0.0,0.0,1.0,0.0,0.0,1.0,0.0,0.0,0.0,0.0,1.0,0.0,0.0,1.0,67.66666666666667
-0.4992537820520384,0.23836722500257712,0.2350604252707533,-0.011978388184747751,1.0,0.0,0.0,0.0,1.0,0.0,0.0,1.0,0.0,0.0,0.0,0.0,0.0,0.0,1.0,1.0,0.0,68.0
-3.2298731002622856,-2.5985141175534987,-2.68350287967828,-2.985923040949747,1.0,0.0,0.0,1.0,0.0,0.0,0.0,0.0,0.0,0.0,0.0,0.0,1.0,1.0,0.0,0.0,1.0,26.0
-0.09965095499688029,0.5151361364714626,0.3677223936775275,0.27125443588810927,0.0,1.0,0.0,0.0,0.0,1.0,0.0,0.0,0.0,0.0,0.0,1.0,0.0,0.0,1.0,1.0,0.0,72.0
0.29995187205827784,0.791905047940348,0.7657082988978502,0.6488982013185853,1.0,0.0,0.0,0.0,1.0,0.0,0.0,0.0,0.0,0.0,0.0,1.0,0.0,0.0,1.0,0.0,1.0,77.33333333333333
-0.29945236852445933,0.23836722500257712,0.10239845686397905,0.011624347154657003,1.0,0.0,0.0,0.0,0.0,0.0,1.0,0.0,0.0,0.0,0.0,1.0,0.0,0.0,1.0,0.0,1.0,68.33333333333333
0.16675092970655847,-0.2459783700679724,-0.494580400966505,-0.20080027089998578,0.0,1.0,0.0,0.0,0.0,1.0,0.0,0.0,0.0,0.0,0.0,0.0,1.0,0.0,1.0,0.0,1.0,65.33333333333333
0.36655234323413755,-0.8687084208729646,-0.6935733535766664,-0.41322488895462856,0.0,1.0,0.0,0.0,0.0,1.0,0.0,0.0,0.0,0.0,0.0,1.0,0.0,0.0,1.0,0.0,1.0,62.333333333333336
-0.0330504838210206,-0.31517059793519375,0.03606747266059193,-0.10638932954236677,1.0,0.0,0.0,0.0,0.0,0.0,1.0,1.0,0.0,0.0,0.0,0.0,0.0,0.0,1.0,0.0,1.0,66.66666666666667
1.1657579973444538,0.5151361364714626,0.3677223936775275,0.7197064073367996,0.0,1.0,0.0,0.0,1.0,0.0,0.0,0.0,0.0,1.0,0.0,0.0,0.0,0.0,1.0,0.0,1.0,78.33333333333333
-1.9644641479209515,-1.699015155279621,-2.020193037644409,-1.9946081566947471,1.0,0.0,0.0,0.0,0.0,0.0,1.0,0.0,1.0,0.0,0.0,0.0,0.0,0.0,1.0,0.0,1.0,40.0
1.2323584685203135,0.9994817315420121,0.8983702673046244,1.0973501727672756,1.0,0.0,0.0,0.0,1.0,0.0,0.0,1.0,0.0,0.0,0.0,0.0,0.0,0.0,1.0,0.0,1.0,83.66666666666667
-0.29945236852445933,-0.10759391433352969,0.43405337788091464,0.011624347154657003,0.0,1.0,0.0,0.0,1.0,0.0,0.0,0.0,0.0,0.0,1.0,0.0,0.0,1.0,0.0,1.0,0.0,68.33333333333333
-0.6990551955796175,-1.0762851044746287,-1.0915592587969891,-1.0032932724397474,0.0,1.0,0.0,0.0,0.0,1.0,0.0,0.0,0.0,0.0,0.0,0.0,1.0,1.0,0.0,0.0,1.0,54.0
0.16675092970655847,0.5151361364714626,0.5667153462876888,0.4364735832639426,0.0,1.0,0.0,1.0,0.0,0.0,0.0,0.0,0.0,0.0,0.0,1.0,0.0,0.0,1.0,1.0,0.0,74.33333333333333
2.0981645938064895,2.1065573774175537,2.0259969987622055,2.1830759983798944,1.0,0.0,0.0,0.0,0.0,1.0,0.0,0.0,0.0,0.0,0.0,1.0,0.0,0.0,1.0,0.0,1.0,99.0
-1.0986580226347755,-1.491438471677957,-1.7548691008308603,-1.522553449906652,0.0,1.0,0.0,0.0,1.0,0.0,0.0,0.0,0.0,1.0,0.0,0.0,0.0,0.0,1.0,0.0,1.0,46.666666666666664
1.8317627091030506,2.0373651495503324,2.0923279829655925,2.0886650570222756,1.0,0.0,0.0,0.0,0.0,0.0,1.0,0.0,0.0,0.0,1.0,0.0,0.0,0.0,1.0,1.0,0.0,97.66666666666669
1.6319612955754716,1.760596238081447,1.6943420777452698,1.7818294976100135,1.0,0.0,0.0,0.0,1.0,0.0,0.0,1.0,0.0,0.0,0.0,0.0,0.0,0.0,1.0,0.0,1.0,93.33333333333331
-0.0330504838210206,0.30755945286979847,0.3013914094741404,0.20044622986989502,1.0,0.0,0.0,0.0,0.0,0.0,1.0,0.0,0.0,0.0,0.0,1.0,0.0,0.0,1.0,1.0,0.0,71.0
0.4997532855858569,0.37675168073701987,0.8983702673046244,0.6252954659791806,1.0,0.0,0.0,0.0,1.0,0.0,0.0,0.0,0.0,0.0,0.0,0.0,1.0,0.0,1.0,0.0,1.0,77.0
-0.09965095499688029,-1.0762851044746287,-0.7599043377800535,-0.6728549776880809,0.0,1.0,0.0,1.0,0.0,0.0,0.0,1.0,0.0,0.0,0.0,0.0,0.0,0.0,1.0,0.0,1.0,58.666666666666664
0.23335140088241815,-0.38436282580241515,0.10239845686397905,-0.011978388184747751,0.0,1.0,0.0,0.0,0.0,0.0,1.0,0.0,1.0,0.0,0.0,0.0,0.0,0.0,1.0,1.0,0.0,68.0
-0.4326533108761787,-0.6611317372713006,-0.5609113851698921,-0.5784440363304618,0.0,1.0,0.0,1.0,0.0,0.0,0.0,0.0,0.0,0.0,0.0,1.0,0.0,1.0,0.0,0.0,1.0,60.0
-0.36605283970031904,-0.10759391433352969,-0.3619184325597308,-0.29521121225760477,1.0,0.0,1.0,0.0,0.0,0.0,0.0,0.0,0.0,1.0,0.0,0.0,0.0,0.0,1.0,0.0,1.0,64.0
1.8317627091030506,1.2762506430108975,0.633046330491076,1.3097747908219184,0.0,1.0,0.0,0.0,0.0,0.0,1.0,0.0,0.0,0.0,0.0,0.0,1.0,0.0,1.0,0.0,1.0,86.66666666666667
1.4321598820478925,1.345442870878119,1.163694204118173,1.3805829968401326,0.0,1.0,0.0,0.0,1.0,0.0,0.0,0.0,0.0,1.0,0.0,0.0,0.0,0.0,1.0,0.0,1.0,87.66666666666667
-0.16625142617273997,-1.3530540159435143,-1.688538116627473,-1.121306949136771,0.0,1.0,1.0,0.0,0.0,0.0,0.0,0.0,0.0,0.0,0.0,0.0,1.0,0.0,1.0,0.0,1.0,52.333333333333336
-0.6324547244037578,0.30755945286979847,0.5003843620843017,0.05882981783346651,1.0,0.0,0.0,0.0,0.0,1.0,0.0,1.0,0.0,0.0,0.0,0.0,0.0,1.0,0.0,1.0,0.0,69.0
0.7661551702892957,0.16917499713535575,0.03606747266059193,0.3420626419063236,0.0,1.0,0.0,0.0,1.0,0.0,0.0,0.0,0.0,0.0,0.0,0.0,1.0,0.0,1.0,1.0,0.0,73.0
0.36655234323413755,-0.2459783700679724,0.2350604252707533,0.12963802385168077,0.0,1.0,0.0,0.0,1.0,0.0,0.0,0.0,0.0,0.0,1.0,0.0,0.0,1.0,0.0,1.0,0.0,70.0
0.6329542279375763,1.207058415143676,1.0973632199147858,1.0265419667490614,1.0,0.0,0.0,0.0,1.0,0.0,0.0,0.0,0.0,0.0,0.0,0.0,1.0,0.0,1.0,1.0,0.0,82.66666666666667
0.4997532855858569,0.30755945286979847,0.2350604252707533,0.3656653772457283,1.0,0.0,0.0,0.0,0.0,0.0,1.0,0.0,0.0,0.0,0.0,0.0,1.0,1.0,0.0,0.0,1.0,73.33333333333333
0.4331528144099972,0.09998276926813439,-0.030263511542795184,0.17684349453049028,0.0,1.0,0.0,1.0,0.0,0.0,0.0,0.0,0.0,1.0,0.0,0.0,0.0,0.0,1.0,1.0,0.0,70.66666666666667
0.23335140088241815,0.584328364338684,0.633046330491076,0.5072817892821568,1.0,0.0,0.0,0.0,0.0,1.0,0.0,0.0,0.0,0.0,0.0,1.0,0.0,1.0,0.0,1.0,0.0,75.33333333333333
0.6329542279375763,0.4459439086042412,0.3677223936775275,0.5072817892821568,1.0,0.0,0.0,0.0,1.0,0.0,0.0,0.0,0.0,1.0,0.0,0.0,0.0,0.0,1.0,0.0,1.0,75.33333333333333
-0.6324547244037578,-0.5919395094040792,-0.9588972903902149,-0.7672659190456999,0.0,1.0,0.0,0.0,1.0,0.0,0.0,0.0,0.0,0.0,0.0,0.0,1.0,0.0,1.0,0.0,1.0,57.333333333333336
-1.431660378514074,-0.937900648740186,-0.9588972903902149,-1.1685124198155807,1.0,0.0,0.0,0.0,0.0,0.0,1.0,0.0,0.0,0.0,1.0,0.0,0.0,1.0,0.0,0.0,1.0,51.666666666666664
0.16675092970655847,-1.0762851044746287,-0.8925663061868278,-0.6256495070092714,0.0,1.0,0.0,1.0,0.0,0.0,0.0,0.0,0.0,0.0,0.0,1.0,0.0,0.0,1.0,0.0,1.0,59.333333333333336
-0.29945236852445933,-0.03840168646630833,0.03606747266059193,-0.10638932954236677,1.0,0.0,0.0,0.0,1.0,0.0,0.0,0.0,0.0,0.0,0.0,1.0,0.0,0.0,1.0,0.0,1.0,66.66666666666667
0.5663537567617166,-0.2459783700679724,0.3013914094741404,0.2240489652092998,0.0,1.0,0.0,0.0,0.0,1.0,0.0,1.0,0.0,0.0,0.0,0.0,0.0,1.0,0.0,0.0,1.0,71.33333333333333
0.5663537567617166,0.5151361364714626,0.9647012515080116,0.7197064073367996,1.0,0.0,0.0,0.0,0.0,1.0,0.0,0.0,0.0,0.0,0.0,1.0,0.0,0.0,1.0,1.0,0.0,78.33333333333333
-0.4992537820520384,-0.6611317372713006,-0.6935733535766664,-0.6492522423486761,0.0,1.0,0.0,0.0,1.0,0.0,0.0,0.0,0.0,0.0,0.0,1.0,0.0,0.0,1.0,0.0,1.0,59.0
1.4321598820478925,1.760596238081447,1.6943420777452698,1.7110212915917993,1.0,0.0,0.0,0.0,1.0,0.0,0.0,0.0,0.0,0.0,0.0,1.0,0.0,0.0,1.0,1.0,0.0,92.33333333333331
-1.0986580226347755,-0.38436282580241515,-0.6272423693732793,-0.7436631837062951,1.0,0.0,0.0,0.0,0.0,1.0,0.0,0.0,0.0,0.0,0.0,0.0,1.0,1.0,0.0,0.0,1.0,57.666666666666664
-0.29945236852445933,0.030790541400913033,0.2350604252707533,-0.011978388184747751,1.0,0.0,0.0,0.0,0.0,1.0,0.0,0.0,0.0,0.0,0.0,1.0,0.0,0.0,1.0,0.0,1.0,68.0
-0.4992537820520384,0.030790541400913033,0.3013914094741404,-0.05918385886355726,1.0,0.0,0.0,0.0,0.0,1.0,0.0,0.0,1.0,0.0,0.0,0.0,0.0,0.0,1.0,0.0,1.0,67.33333333333333
1.6319612955754716,0.30755945286979847,0.5003843620843017,0.8613228193732282,0.0,1.0,0.0,0.0,1.0,0.0,0.0,0.0,0.0,0.0,0.0,1.0,0.0,0.0,1.0,0.0,1.0,80.33333333333333
-0.23285189734859965,-0.4535550536696365,-0.5609113851698921,-0.4368276242940333,0.0,1.0,0.0,0.0,1.0,0.0,0.0,0.0,0.0,0.0,0.0,1.0,0.0,0.0,1.0,0.0,1.0,62.0
0.29995187205827784,-0.17678614220075106,-0.0965944957461823,0.011624347154657003,0.0,1.0,0.0,0.0,1.0,0.0,0.0,0.0,0.0,0.0,1.0,0.0,0.0,0.0,1.0,0.0,1.0,68.33333333333333
-0.4992537820520384,-0.4535550536696365,-0.29558744835634365,-0.4368276242940333,1.0,0.0,0.0,1.0,0.0,0.0,0.0,0.0,0.0,0.0,0.0,0.0,1.0,1.0,0.0,1.0,0.0,62.0
-0.16625142617273997,-0.7995161930057433,-1.1578902430003761,-0.7436631837062951,0.0,1.0,0.0,0.0,1.0,0.0,0.0,0.0,0.0,0.0,0.0,0.0,1.0,0.0,1.0,0.0,1.0,57.666666666666664
0.16675092970655847,0.9994817315420121,1.0973632199147858,0.7905146133550138,1.0,0.0,0.0,0.0,1.0,0.0,0.0,0.0,0.0,0.0,1.0,0.0,0.0,0.0,1.0,1.0,0.0,79.33333333333333
-0.29945236852445933,-0.38436282580241515,-0.8925663061868278,-0.5548413009910571,0.0,1.0,0.0,0.0,1.0,0.0,0.0,0.0,0.0,0.0,0.0,0.0,1.0,0.0,1.0,0.0,1.0,60.333333333333336
2.0315641226306296,1.6222117823470044,1.4953491251351085,1.8054322329494183,0.0,1.0,0.0,0.0,1.0,0.0,0.0,1.0,0.0,0.0,0.0,0.0,0.0,0.0,1.0,0.0,1.0,93.66666666666669
1.8983631802789103,1.345442870878119,1.5616801093384955,1.6874185562523945,1.0,0.0,0.0,0.0,0.0,0.0,1.0,1.0,0.0,0.0,0.0,0.0,0.0,0.0,1.0,1.0,0.0,92.0
0.5663537567617166,0.9994817315420121,0.7657082988978502,0.8141173486944187,1.0,0.0,0.0,1.0,0.0,0.0,0.0,0.0,1.0,0.0,0.0,0.0,0.0,0.0,1.0,0.0,1.0,79.66666666666667
-0.36605283970031904,-0.6611317372713006,-0.7599043377800535,-0.6256495070092714,1.0,0.0,1.0,0.0,0.0,0.0,0.0,0.0,0.0,0.0,0.0,1.0,0.0,1.0,0.0,0.0,1.0,59.333333333333336
-0.8988566091071966,-0.5919395094040792,-0.030263511542795184,-0.5312385656516523,1.0,0.0,0.0,0.0,0.0,1.0,0.0,0.0,0.0,0.0,1.0,0.0,0.0,0.0,1.0,0.0,1.0,60.666666666666664
0.10015045853069877,0.4459439086042412,-0.0965944957461823,0.1532407591910855,1.0,0.0,0.0,0.0,0.0,0.0,1.0,1.0,0.0,0.0,0.0,0.0,0.0,0.0,1.0,0.0,1.0,70.33333333333333
-1.1652584938106352,-1.1454773323418501,-1.0915592587969891,-1.1921151551549853,0.0,1.0,0.0,1.0,0.0,0.0,0.0,0.0,0.0,0.0,1.0,0.0,0.0,1.0,0.0,0.0,1.0,51.333333333333336
0.03354998735483909,0.37675168073701987,0.2350604252707533,0.2240489652092998,1.0,0.0,0.0,0.0,1.0,0.0,0.0,0.0,1.0,0.0,0.0,0.0,0.0,1.0,0.0,0.0,1.0,71.33333333333333
-0.4992537820520384,0.030790541400913033,-0.1629254799495694,-0.22440300623939055,1.0,0.0,0.0,1.0,0.0,0.0,0.0,1.0,0.0,0.0,0.0,0.0,0.0,0.0,1.0,1.0,0.0,65.0
0.6329542279375763,0.7227128200731266,0.3013914094741404,0.5780899953003711,0.0,1.0,0.0,0.0,1.0,0.0,0.0,0.0,0.0,0.0,0.0,0.0,1.0,0.0,1.0,1.0,0.0,76.33333333333333
-0.29945236852445933,0.16917499713535575,0.3677223936775275,0.08243255317287126,1.0,0.0,0.0,0.0,0.0,1.0,0.0,0.0,1.0,0.0,0.0,0.0,0.0,1.0,0.0,0.0,1.0,69.33333333333333
1.1657579973444538,1.760596238081447,1.5616801093384955,1.5694048795553708,1.0,0.0,0.0,0.0,0.0,0.0,1.0,1.0,0.0,0.0,0.0,0.0,0.0,0.0,1.0,0.0,1.0,90.33333333333331
-0.29945236852445933,-1.0070928766074074,-1.2905522114071504,-0.9088823310821283,0.0,1.0,0.0,0.0,1.0,0.0,0.0,0.0,0.0,1.0,0.0,0.0,0.0,0.0,1.0,0.0,1.0,55.333333333333336
0.36655234323413755,0.16917499713535575,0.16872944106736618,0.24765170054870453,1.0,0.0,0.0,0.0,1.0,0.0,0.0,0.0,0.0,0.0,0.0,1.0,0.0,0.0,1.0,0.0,1.0,71.66666666666667
-0.8988566091071966,-0.7995161930057433,-1.622207132424086,-1.1685124198155807,0.0,1.0,1.0,0.0,0.0,0.0,0.0,0.0,0.0,1.0,0.0,0.0,0.0,1.0,0.0,0.0,1.0,51.666666666666664
-0.4326533108761787,-1.7682073831468423,-1.4232141798139246,-1.2629233611731998,0.0,1.0,0.0,1.0,0.0,0.0,0.0,0.0,0.0,1.0,0.0,0.0,0.0,0.0,1.0,1.0,0.0,50.333333333333336
-0.6324547244037578,-0.7995161930057433,-0.29558744835634365,-0.6020467716698666,1.0,0.0,0.0,0.0,0.0,1.0,0.0,0.0,0.0,1.0,0.0,0.0,0.0,0.0,1.0,1.0,0.0,59.666666666666664
-0.6324547244037578,-0.937900648740186,-0.9588972903902149,-0.8852795957427236,0.0,1.0,0.0,0.0,0.0,0.0,1.0,0.0,0.0,1.0,0.0,0.0,0.0,1.0,0.0,1.0,0.0,55.666666666666664
0.29995187205827784,-0.03840168646630833,-0.030263511542795184,0.08243255317287126,0.0,1.0,0.0,0.0,0.0,1.0,0.0,0.0,0.0,0.0,0.0,0.0,1.0,0.0,1.0,1.0,0.0,69.33333333333333
-0.7656556667554771,0.23836722500257712,0.3013914094741404,-0.08278659420296201,1.0,0.0,1.0,0.0,0.0,0.0,0.0,0.0,0.0,1.0,0.0,0.0,0.0,0.0,1.0,0.0,1.0,67.0
-1.3650599073382144,-0.937900648740186,-0.7599043377800535,-1.0741014784579617,1.0,0.0,0.0,0.0,0.0,1.0,0.0,1.0,0.0,0.0,0.0,0.0,0.0,1.0,0.0,0.0,1.0,53.0
0.16675092970655847,0.584328364338684,0.5003843620843017,0.4364735832639426,1.0,0.0,0.0,0.0,1.0,0.0,0.0,0.0,0.0,0.0,0.0,1.0,0.0,0.0,1.0,0.0,1.0,74.33333333333333
-0.7656556667554771,-0.03840168646630833,-0.22925646415295653,-0.3660194182758191,1.0,0.0,0.0,0.0,1.0,0.0,0.0,0.0,0.0,0.0,0.0,1.0,0.0,0.0,1.0,0.0,1.0,63.0
1.4321598820478925,0.584328364338684,0.43405337788091464,0.8613228193732282,0.0,1.0,0.0,0.0,0.0,1.0,0.0,0.0,0.0,1.0,0.0,0.0,0.0,0.0,1.0,0.0,1.0,80.33333333333333
0.6995546991134359,-0.17678614220075106,-0.030263511542795184,0.17684349453049028,0.0,1.0,1.0,0.0,0.0,0.0,0.0,0.0,1.0,0.0,0.0,0.0,0.0,0.0,1.0,0.0,1.0,70.66666666666667
1.4321598820478925,2.0373651495503324,2.0923279829655925,1.9470486449858468,1.0,0.0,0.0,0.0,0.0,1.0,0.0,0.0,0.0,1.0,0.0,0.0,0.0,0.0,1.0,1.0,0.0,95.66666666666669
-0.8322561379313369,-0.5919395094040792,-0.6935733535766664,-0.7436631837062951,1.0,0.0,0.0,0.0,1.0,0.0,0.0,1.0,0.0,0.0,0.0,0.0,0.0,0.0,1.0,0.0,1.0,57.666666666666664
0.9659565838168748,0.7227128200731266,0.5003843620843017,0.7669118780156091,0.0,1.0,0.0,0.0,0.0,0.0,1.0,0.0,0.0,1.0,0.0,0.0,0.0,0.0,1.0,1.0,0.0,79.0
-1.5648613208657933,-0.6611317372713006,-0.6935733535766664,-1.0268960077791522,1.0,0.0,0.0,0.0,0.0,1.0,0.0,1.0,0.0,0.0,0.0,0.0,0.0,1.0,0.0,0.0,1.0,53.666666666666664
0.4997532855858569,0.5151361364714626,0.5003843620843017,0.5308845246215615,0.0,1.0,0.0,1.0,0.0,0.0,0.0,0.0,0.0,0.0,0.0,1.0,0.0,1.0,0.0,1.0,0.0,75.66666666666667
0.7661551702892957,0.791905047940348,1.163694204118173,0.9557337607308471,0.0,1.0,0.0,0.0,0.0,1.0,0.0,0.0,0.0,0.0,0.0,0.0,1.0,0.0,1.0,1.0,0.0,81.66666666666667
-0.16625142617273997,-0.38436282580241515,-0.0965944957461823,-0.22440300623939055,0.0,1.0,0.0,0.0,0.0,1.0,0.0,0.0,0.0,1.0,0.0,0.0,0.0,1.0,0.0,1.0,0.0,65.0
-1.6980622632175129,-1.699015155279621,-1.8875310692376344,-1.8529917446583186,1.0,0.0,0.0,0.0,0.0,0.0,1.0,0.0,0.0,1.0,0.0,0.0,0.0,1.0,0.0,0.0,1.0,42.0
0.4997532855858569,0.791905047940348,0.9647012515080116,0.7905146133550138,1.0,0.0,0.0,0.0,0.0,1.0,0.0,1.0,0.0,0.0,0.0,0.0,0.0,0.0,1.0,0.0,1.0,79.33333333333333
-0.09965095499688029,0.5151361364714626,0.3677223936775275,0.27125443588810927,1.0,0.0,0.0,0.0,1.0,0.0,0.0,1.0,0.0,0.0,0.0,0.0,0.0,1.0,0.0,0.0,1.0,72.0
0.10015045853069877,0.7227128200731266,0.5003843620843017,0.4600763186033473,1.0,0.0,1.0,0.0,0.0,0.0,0.0,0.0,0.0,1.0,0.0,0.0,0.0,0.0,1.0,1.0,0.0,74.66666666666667
0.899356112641015,0.7227128200731266,0.2350604252707533,0.6488982013185853,0.0,1.0,0.0,0.0,0.0,1.0,0.0,0.0,0.0,0.0,1.0,0.0,0.0,0.0,1.0,0.0,1.0,77.33333333333333
0.899356112641015,0.4459439086042412,-0.29558744835634365,0.3656653772457283,0.0,1.0,0.0,1.0,0.0,0.0,0.0,1.0,0.0,0.0,0.0,0.0,0.0,0.0,1.0,0.0,1.0,73.33333333333333
0.16675092970655847,0.37675168073701987,0.16872944106736618,0.24765170054870453,0.0,1.0,0.0,0.0,0.0,1.0,0.0,0.0,0.0,1.0,0.0,0.0,0.0,0.0,1.0,0.0,1.0,71.66666666666667
1.6319612955754716,1.8297884659486685,1.5616801093384955,1.7582267622706087,0.0,1.0,1.0,0.0,0.0,0.0,0.0,0.0,1.0,0.0,0.0,0.0,0.0,0.0,1.0,0.0,1.0,93.0
2.2313655361582088,1.8297884659486685,1.163694204118173,1.829034968288823,0.0,1.0,1.0,0.0,0.0,0.0,0.0,0.0,0.0,0.0,0.0,1.0,0.0,0.0,1.0,1.0,0.0,94.0
1.3655594108720328,1.345442870878119,1.6943420777452698,1.545802144215966,1.0,0.0,0.0,0.0,1.0,0.0,0.0,0.0,0.0,0.0,0.0,1.0,0.0,0.0,1.0,1.0,0.0,90.0
1.2323584685203135,1.553019554479783,1.0973632199147858,1.356980261500728,1.0,0.0,0.0,0.0,0.0,0.0,1.0,1.0,0.0,0.0,0.0,0.0,0.0,0.0,1.0,0.0,1.0,87.33333333333333
-1.4982608496899337,-1.3530540159435143,-1.1578902430003761,-1.4045397732096283,1.0,0.0,0.0,0.0,1.0,0.0,0.0,0.0,0.0,0.0,0.0,0.0,1.0,1.0,0.0,0.0,1.0,48.333333333333336
0.16675092970655847,-0.6611317372713006,-0.3619184325597308,-0.29521121225760477,0.0,1.0,0.0,0.0,0.0,1.0,0.0,0.0,0.0,0.0,0.0,1.0,0.0,1.0,0.0,1.0,0.0,64.0
0.29995187205827784,0.30755945286979847,-0.030263511542795184,0.20044622986989502,0.0,1.0,0.0,0.0,0.0,0.0,1.0,1.0,0.0,0.0,0.0,0.0,0.0,0.0,1.0,1.0,0.0,71.0
-1.0320575514589159,0.16917499713535575,0.6993773146944631,-0.05918385886355726,1.0,0.0,0.0,0.0,1.0,0.0,0.0,0.0,1.0,0.0,0.0,0.0,0.0,1.0,0.0,1.0,0.0,67.33333333333333
-0.29945236852445933,-0.17678614220075106,0.03606747266059193,-0.15359480022117628,0.0,1.0,1.0,0.0,0.0,0.0,0.0,0.0,0.0,0.0,0.0,0.0,1.0,0.0,1.0,1.0,0.0,66.0
0.10015045853069877,-0.31517059793519375,-0.494580400966505,-0.2480057415787953,0.0,1.0,0.0,0.0,1.0,0.0,0.0,1.0,0.0,0.0,0.0,0.0,0.0,1.0,0.0,0.0,1.0,64.66666666666667
-1.6980622632175129,-1.2146695602090716,-1.1578902430003761,-1.428142508549033,0.0,1.0,0.0,0.0,0.0,1.0,0.0,0.0,0.0,1.0,0.0,0.0,0.0,0.0,1.0,0.0,1.0,48.0
-1.4982608496899337,-1.2838617880762928,-1.3568831956105376,-1.4517452438884377,0.0,1.0,0.0,0.0,0.0,1.0,0.0,0.0,0.0,1.0,0.0,0.0,0.0,1.0,0.0,0.0,1.0,47.666666666666664
0.8327556414651553,0.4459439086042412,-0.22925646415295653,0.3656653772457283,0.0,1.0,0.0,0.0,1.0,0.0,0.0,0.0,0.0,0.0,0.0,0.0,1.0,1.0,0.0,0.0,1.0,73.33333333333333
1.765162237927191,2.1065573774175537,1.760673061948657,1.9706513803252517,1.0,0.0,0.0,0.0,0.0,0.0,1.0,1.0,0.0,0.0,0.0,0.0,0.0,0.0,1.0,1.0,0.0,96.0
-0.16625142617273997,-1.1454773323418501,-0.7599043377800535,-0.7200604483668903,0.0,1.0,0.0,1.0,0.0,0.0,0.0,0.0,0.0,0.0,0.0,0.0,1.0,0.0,1.0,1.0,0.0,58.0
0.4331528144099972,-0.10759391433352969,-0.1629254799495694,0.05882981783346651,0.0,1.0,0.0,0.0,1.0,0.0,0.0,1.0,0.0,0.0,0.0,0.0,0.0,1.0,0.0,0.0,1.0,69.0
1.4321598820478925,0.9994817315420121,0.43405337788091464,1.0029392314096566,0.0,1.0,0.0,1.0,0.0,0.0,0.0,0.0,0.0,0.0,0.0,0.0,1.0,0.0,1.0,0.0,1.0,82.33333333333333
-0.29945236852445933,0.16917499713535575,0.10239845686397905,-0.011978388184747751,1.0,0.0,0.0,0.0,1.0,0.0,0.0,0.0,0.0,0.0,0.0,1.0,0.0,1.0,0.0,0.0,1.0,68.0
-0.29945236852445933,-0.8687084208729646,-0.4282494167631179,-0.5548413009910571,0.0,1.0,0.0,0.0,0.0,1.0,0.0,0.0,0.0,0.0,0.0,1.0,0.0,1.0,0.0,0.0,1.0,60.333333333333336
-0.36605283970031904,-0.6611317372713006,-0.8925663061868278,-0.6728549776880809,0.0,1.0,0.0,0.0,1.0,0.0,0.0,0.0,0.0,1.0,0.0,0.0,0.0,1.0,0.0,0.0,1.0,58.666666666666664
1.565360824399612,1.207058415143676,1.0973632199147858,1.356980261500728,0.0,1.0,0.0,0.0,0.0,1.0,0.0,1.0,0.0,0.0,0.0,0.0,0.0,0.0,1.0,0.0,1.0,87.33333333333333
0.5663537567617166,0.30755945286979847,-0.1629254799495694,0.24765170054870453,0.0,1.0,0.0,0.0,0.0,1.0,0.0,0.0,0.0,1.0,0.0,0.0,0.0,1.0,0.0,0.0,1.0,71.66666666666667
0.6995546991134359,1.4146350987453402,1.4953491251351085,1.262569320143109,1.0,0.0,0.0,0.0,1.0,0.0,0.0,0.0,0.0,0.0,0.0,1.0,0.0,1.0,0.0,0.0,1.0,86.0
1.0325570549927343,1.4146350987453402,1.6943420777452698,1.4513912028583469,1.0,0.0,0.0,0.0,1.0,0.0,0.0,0.0,0.0,0.0,0.0,1.0,0.0,0.0,1.0,0.0,1.0,88.66666666666667
0.899356112641015,0.4459439086042412,-0.22925646415295653,0.38926811258513305,0.0,1.0,0.0,0.0,0.0,0.0,1.0,0.0,0.0,1.0,0.0,0.0,0.0,0.0,1.0,0.0,1.0,73.66666666666667
-0.23285189734859965,-0.8687084208729646,-0.8262353219834406,-0.6728549776880809,0.0,1.0,0.0,0.0,0.0,1.0,0.0,0.0,0.0,1.0,0.0,0.0,0.0,1.0,0.0,0.0,1.0,58.666666666666664
1.0325570549927343,-0.17678614220075106,-0.494580400966505,0.12963802385168077,0.0,1.0,0.0,0.0,0.0,0.0,1.0,0.0,0.0,0.0,0.0,0.0,1.0,0.0,1.0,0.0,1.0,70.0
-0.36605283970031904,-0.38436282580241515,-0.4282494167631179,-0.41322488895462856,1.0,0.0,0.0,0.0,0.0,0.0,1.0,0.0,0.0,0.0,0.0,1.0,0.0,0.0,1.0,0.0,1.0,62.333333333333336
-0.6324547244037578,-1.8373996110140638,-1.4232141798139246,-1.3573343025308187,0.0,1.0,1.0,0.0,0.0,0.0,0.0,0.0,0.0,1.0,0.0,0.0,0.0,0.0,1.0,0.0,1.0,49.0
-1.431660378514074,-0.4535550536696365,-0.6272423693732793,-0.8852795957427236,1.0,0.0,0.0,0.0,0.0,1.0,0.0,0.0,0.0,1.0,0.0,0.0,0.0,0.0,1.0,0.0,1.0,55.666666666666664
-0.7656556667554771,-0.937900648740186,-1.1578902430003761,-1.0032932724397474,0.0,1.0,0.0,0.0,0.0,0.0,1.0,0.0,0.0,1.0,0.0,0.0,0.0,1.0,0.0,0.0,1.0,54.0
-0.5658542532278981,-0.4535550536696365,-0.22925646415295653,-0.4368276242940333,1.0,0.0,0.0,1.0,0.0,0.0,0.0,1.0,0.0,0.0,0.0,0.0,0.0,0.0,1.0,0.0,1.0,62.0
0.4331528144099972,-0.937900648740186,-0.7599043377800535,-0.4368276242940333,0.0,1.0,0.0,1.0,0.0,0.0,0.0,0.0,1.0,0.0,0.0,0.0,0.0,1.0,0.0,0.0,1.0,62.0
-0.09965095499688029,0.23836722500257712,0.43405337788091464,0.20044622986989502,1.0,0.0,0.0,0.0,0.0,0.0,1.0,0.0,1.0,0.0,0.0,0.0,0.0,0.0,1.0,0.0,1.0,71.0
-0.4992537820520384,-1.0762851044746287,-0.0965944957461823,-0.5784440363304618,1.0,0.0,0.0,0.0,1.0,0.0,0.0,0.0,0.0,0.0,0.0,0.0,1.0,0.0,1.0,1.0,0.0,60.0
1.4321598820478925,1.6222117823470044,1.6280110935418828,1.640213085573585,1.0,0.0,0.0,0.0,1.0,0.0,0.0,0.0,0.0,0.0,0.0,1.0,0.0,0.0,1.0,1.0,0.0,91.33333333333331
-0.09965095499688029,-0.03840168646630833,0.10239845686397905,-0.011978388184747751,1.0,0.0,0.0,0.0,0.0,1.0,0.0,1.0,0.0,0.0,0.0,0.0,0.0,0.0,1.0,0.0,1.0,68.0
0.16675092970655847,0.5151361364714626,0.03606747266059193,0.24765170054870453,0.0,1.0,0.0,0.0,1.0,0.0,0.0,1.0,0.0,0.0,0.0,0.0,0.0,0.0,1.0,0.0,1.0,71.66666666666667
0.23335140088241815,-0.937900648740186,-1.1578902430003761,-0.6492522423486761,0.0,1.0,0.0,0.0,1.0,0.0,0.0,0.0,0.0,1.0,0.0,0.0,0.0,0.0,1.0,0.0,1.0,59.0
1.4987603532237521,0.4459439086042412,0.3677223936775275,0.8141173486944187,0.0,1.0,0.0,0.0,0.0,0.0,1.0,1.0,0.0,0.0,0.0,0.0,0.0,0.0,1.0,0.0,1.0,79.66666666666667
1.1657579973444538,0.23836722500257712,0.03606747266059193,0.5072817892821568,0.0,1.0,0.0,0.0,0.0,0.0,1.0,0.0,0.0,1.0,0.0,0.0,0.0,0.0,1.0,0.0,1.0,75.33333333333333
-0.36605283970031904,0.09998276926813439,0.3013914094741404,0.011624347154657003,0.0,1.0,0.0,0.0,0.0,1.0,0.0,1.0,0.0,0.0,0.0,0.0,0.0,1.0,0.0,1.0,0.0,68.33333333333333
0.4997532855858569,0.16917499713535575,0.2350604252707533,0.3184599065669188,1.0,0.0,0.0,1.0,0.0,0.0,0.0,0.0,0.0,1.0,0.0,0.0,0.0,0.0,1.0,0.0,1.0,72.66666666666667
-0.6324547244037578,-1.491438471677957,-1.1578902430003761,-1.144909684476176,0.0,1.0,0.0,1.0,0.0,0.0,0.0,0.0,0.0,1.0,0.0,0.0,0.0,0.0,1.0,0.0,1.0,52.0
-0.4326533108761787,-0.38436282580241515,0.3677223936775275,-0.15359480022117628,1.0,0.0,0.0,0.0,1.0,0.0,0.0,0.0,0.0,1.0,0.0,0.0,0.0,0.0,1.0,1.0,0.0,66.0
-0.8322561379313369,0.16917499713535575,-0.6272423693732793,-0.4604303596334381,0.0,1.0,0.0,0.0,1.0,0.0,0.0,0.0,0.0,1.0,0.0,0.0,0.0,1.0,0.0,0.0,1.0,61.666666666666664
-1.0320575514589159,-1.4222462438107355,-1.1578902430003761,-1.2629233611731998,1.0,0.0,1.0,0.0,0.0,0.0,0.0,0.0,1.0,0.0,0.0,0.0,0.0,0.0,1.0,0.0,1.0,50.333333333333336
0.899356112641015,1.553019554479783,1.296356172524947,1.3097747908219184,1.0,0.0,0.0,0.0,0.0,1.0,0.0,0.0,0.0,0.0,0.0,0.0,1.0,0.0,1.0,1.0,0.0,86.66666666666667
-1.1652584938106352,-0.31517059793519375,-0.8925663061868278,-0.8380741250639141,1.0,0.0,1.0,0.0,0.0,0.0,0.0,0.0,0.0,0.0,0.0,1.0,0.0,1.0,0.0,0.0,1.0,56.333333333333336
1.6319612955754716,0.791905047940348,0.6993773146944631,1.0973501727672756,0.0,1.0,0.0,0.0,1.0,0.0,0.0,0.0,1.0,0.0,0.0,0.0,0.0,0.0,1.0,1.0,0.0,83.66666666666667
-0.9654570802830562,-1.491438471677957,-1.2905522114071504,-1.3101288318520092,0.0,1.0,0.0,1.0,0.0,0.0,0.0,0.0,0.0,1.0,0.0,0.0,0.0,0.0,1.0,0.0,1.0,49.666666666666664
0.03354998735483909,-0.8687084208729646,-0.6272423693732793,-0.5076358303122476,0.0,1.0,0.0,0.0,1.0,0.0,0.0,0.0,0.0,0.0,1.0,0.0,0.0,0.0,1.0,0.0,1.0,61.0
-1.2984594361623547,-0.5227472815368579,-0.1629254799495694,-0.6964577130274856,1.0,0.0,0.0,0.0,1.0,0.0,0.0,0.0,1.0,0.0,0.0,0.0,0.0,1.0,0.0,1.0,0.0,58.333333333333336
-0.36605283970031904,-0.937900648740186,-0.8262353219834406,-0.7436631837062951,0.0,1.0,0.0,1.0,0.0,0.0,0.0,0.0,0.0,0.0,0.0,0.0,1.0,0.0,1.0,1.0,0.0,57.666666666666664
0.4997532855858569,1.2762506430108975,1.4290181409317213,1.1209529081066805,1.0,0.0,0.0,0.0,0.0,1.0,0.0,1.0,0.0,0.0,0.0,0.0,0.0,1.0,0.0,1.0,0.0,84.0
0.10015045853069877,0.030790541400913033,-0.1629254799495694,-0.011978388184747751,1.0,0.0,0.0,0.0,0.0,0.0,1.0,0.0,0.0,0.0,0.0,1.0,0.0,0.0,1.0,0.0,1.0,68.0
0.8327556414651553,0.5151361364714626,0.43405337788091464,0.6252954659791806,0.0,1.0,0.0,0.0,1.0,0.0,0.0,0.0,0.0,0.0,1.0,0.0,0.0,1.0,0.0,1.0,0.0,77.0
-0.16625142617273997,0.30755945286979847,0.43405337788091464,0.20044622986989502,1.0,0.0,0.0,0.0,0.0,1.0,0.0,0.0,0.0,0.0,0.0,1.0,0.0,1.0,0.0,0.0,1.0,71.0
1.6319612955754716,1.8297884659486685,1.4953491251351085,1.734624026931204,0.0,1.0,0.0,1.0,0.0,0.0,0.0,0.0,0.0,0.0,0.0,1.0,0.0,0.0,1.0,1.0,0.0,92.66666666666669
-0.36605283970031904,-0.7995161930057433,-0.4282494167631179,-0.5548413009910571,1.0,0.0,0.0,0.0,0.0,0.0,1.0,0.0,1.0,0.0,0.0,0.0,0.0,1.0,0.0,0.0,1.0,60.333333333333336
-1.5648613208657933,-0.5227472815368579,-0.494580400966505,-0.9088823310821283,1.0,0.0,0.0,0.0,1.0,0.0,0.0,0.0,1.0,0.0,0.0,0.0,0.0,1.0,0.0,0.0,1.0,55.333333333333336
-0.8988566091071966,0.16917499713535575,-0.29558744835634365,-0.3660194182758191,1.0,0.0,0.0,0.0,1.0,0.0,0.0,0.0,0.0,1.0,0.0,0.0,0.0,1.0,0.0,0.0,1.0,63.0
-0.16625142617273997,0.23836722500257712,0.10239845686397905,0.05882981783346651,1.0,0.0,0.0,0.0,0.0,0.0,1.0,0.0,1.0,0.0,0.0,0.0,0.0,0.0,1.0,0.0,1.0,69.0
-0.8988566091071966,-1.3530540159435143,-0.5609113851698921,-0.9796905371003427,1.0,0.0,1.0,0.0,0.0,0.0,0.0,0.0,0.0,1.0,0.0,0.0,0.0,1.0,0.0,1.0,0.0,54.333333333333336
1.2989589396961732,1.553019554479783,1.23002518832156,1.4277884675189423,1.0,0.0,0.0,0.0,1.0,0.0,0.0,0.0,1.0,0.0,0.0,0.0,0.0,0.0,1.0,0.0,1.0,88.33333333333333
0.16675092970655847,0.16917499713535575,0.5667153462876888,0.3184599065669188,1.0,0.0,0.0,0.0,0.0,1.0,0.0,0.0,0.0,1.0,0.0,0.0,0.0,0.0,1.0,0.0,1.0,72.66666666666667
0.6995546991134359,1.4838273266125617,1.296356172524947,1.2153638494642995,1.0,0.0,0.0,0.0,1.0,0.0,0.0,0.0,0.0,0.0,0.0,0.0,1.0,0.0,1.0,0.0,1.0,85.33333333333333
0.7661551702892957,0.791905047940348,0.7657082988978502,0.8141173486944187,1.0,0.0,0.0,0.0,0.0,1.0,0.0,0.0,0.0,1.0,0.0,0.0,0.0,0.0,1.0,0.0,1.0,79.66666666666667
-0.8322561379313369,-1.491438471677957,-1.0915592587969891,-1.1921151551549853,1.0,0.0,0.0,0.0,1.0,0.0,0.0,0.0,0.0,0.0,0.0,1.0,0.0,0.0,1.0,0.0,1.0,51.333333333333336
-0.8322561379313369,-1.1454773323418501,-1.4232141798139246,-1.1921151551549853,0.0,1.0,1.0,0.0,0.0,0.0,0.0,1.0,0.0,0.0,0.0,0.0,0.0,0.0,1.0,0.0,1.0,51.333333333333336
0.4331528144099972,0.4459439086042412,0.633046330491076,0.5308845246215615,1.0,0.0,0.0,0.0,0.0,0.0,1.0,1.0,0.0,0.0,0.0,0.0,0.0,1.0,0.0,0.0,1.0,75.66666666666667
0.03354998735483909,1.1378661872764548,0.9647012515080116,0.7433091426762044,1.0,0.0,0.0,1.0,0.0,0.0,0.0,0.0,1.0,0.0,0.0,0.0,0.0,0.0,1.0,0.0,1.0,78.66666666666667
-1.1652584938106352,-1.2838617880762928,-1.1578902430003761,-1.2629233611731998,0.0,1.0,0.0,0.0,1.0,0.0,0.0,1.0,0.0,0.0,0.0,0.0,0.0,1.0,0.0,0.0,1.0,50.333333333333336
-1.7646627343933725,-0.7995161930057433,-0.9588972903902149,-1.239320625833795,1.0,0.0,0.0,0.0,1.0,0.0,0.0,0.0,0.0,0.0,1.0,0.0,0.0,1.0,0.0,0.0,1.0,50.666666666666664
-0.9654570802830562,-0.8687084208729646,-1.2242212272037634,-1.0741014784579617,0.0,1.0,0.0,0.0,0.0,1.0,0.0,1.0,0.0,0.0,0.0,0.0,0.0,1.0,0.0,0.0,1.0,53.0
1.0325570549927343,1.8989806938158897,1.827004046152044,1.6638158209129899,1.0,0.0,0.0,0.0,0.0,1.0,0.0,0.0,0.0,0.0,0.0,1.0,0.0,0.0,1.0,1.0,0.0,91.66666666666669
0.9659565838168748,0.584328364338684,0.633046330491076,0.7669118780156091,0.0,1.0,0.0,0.0,0.0,1.0,0.0,0.0,0.0,0.0,0.0,0.0,1.0,0.0,1.0,0.0,1.0,79.0
-2.896870744382987,-1.7682073831468423,-2.152855006051183,-2.395854657464628,1.0,0.0,0.0,1.0,0.0,0.0,0.0,0.0,0.0,1.0,0.0,0.0,0.0,1.0,0.0,1.0,0.0,34.333333333333336
1.6985617667513313,1.207058415143676,0.633046330491076,1.2389665848037041,0.0,1.0,0.0,0.0,0.0,0.0,1.0,0.0,0.0,0.0,0.0,0.0,1.0,0.0,1.0,0.0,1.0,85.66666666666667
-2.29746650380025,-1.2838617880762928,-1.622207132424086,-1.8293890093189138,1.0,0.0,0.0,1.0,0.0,0.0,0.0,0.0,0.0,0.0,0.0,0.0,1.0,0.0,1.0,1.0,0.0,42.333333333333336
0.4331528144099972,0.584328364338684,0.5003843620843017,0.5308845246215615,1.0,0.0,0.0,0.0,0.0,0.0,1.0,0.0,0.0,0.0,0.0,1.0,0.0,0.0,1.0,1.0,0.0,75.66666666666667
1.0991575261685942,0.16917499713535575,0.633046330491076,0.6725009366579902,0.0,1.0,0.0,0.0,1.0,0.0,0.0,1.0,0.0,0.0,0.0,0.0,0.0,0.0,1.0,0.0,1.0,77.66666666666667
-1.0986580226347755,-1.1454773323418501,-0.8925663061868278,-1.0977042137973665,1.0,0.0,0.0,1.0,0.0,0.0,0.0,0.0,0.0,1.0,0.0,0.0,0.0,0.0,1.0,0.0,1.0,52.666666666666664
0.23335140088241815,0.09998276926813439,0.3677223936775275,0.24765170054870453,1.0,0.0,0.0,0.0,0.0,1.0,0.0,0.0,0.0,0.0,1.0,0.0,0.0,0.0,1.0,1.0,0.0,71.66666666666667
0.03354998735483909,-1.0762851044746287,-0.3619184325597308,-0.4840330949728428,0.0,1.0,0.0,0.0,0.0,1.0,0.0,1.0,0.0,0.0,0.0,0.0,0.0,0.0,1.0,1.0,0.0,61.333333333333336
-1.6314617920416532,-0.5919395094040792,-0.6935733535766664,-1.0268960077791522,1.0,0.0,0.0,0.0,0.0,1.0,0.0,1.0,0.0,0.0,0.0,0.0,0.0,1.0,0.0,1.0,0.0,53.666666666666664
-0.4992537820520384,-0.5227472815368579,-0.494580400966505,-0.5312385656516523,0.0,1.0,0.0,0.0,0.0,1.0,0.0,0.0,0.0,0.0,0.0,1.0,0.0,1.0,0.0,0.0,1.0,60.666666666666664
0.23335140088241815,0.37675168073701987,0.633046330491076,0.4364735832639426,1.0,0.0,0.0,1.0,0.0,0.0,0.0,0.0,0.0,0.0,0.0,1.0,0.0,0.0,1.0,0.0,1.0,74.33333333333333
-0.7656556667554771,-1.0070928766074074,-1.4232141798139246,-1.121306949136771,0.0,1.0,0.0,1.0,0.0,0.0,0.0,0.0,0.0,0.0,0.0,1.0,0.0,1.0,0.0,0.0,1.0,52.333333333333336
-0.36605283970031904,-1.491438471677957,-1.4895451640173119,-1.1685124198155807,0.0,1.0,0.0,0.0,0.0,1.0,0.0,1.0,0.0,0.0,0.0,0.0,0.0,0.0,1.0,0.0,1.0,51.666666666666664
-0.0330504838210206,0.30755945286979847,0.8320392831012373,0.38926811258513305,1.0,0.0,0.0,1.0,0.0,0.0,0.0,0.0,1.0,0.0,0.0,0.0,0.0,0.0,1.0,1.0,0.0,73.66666666666667
0.4331528144099972,0.6535205922059053,1.0310322357113988,0.7433091426762044,1.0,0.0,0.0,0.0,0.0,1.0,0.0,0.0,1.0,0.0,0.0,0.0,0.0,1.0,0.0,0.0,1.0,78.66666666666667
0.899356112641015,1.4146350987453402,0.8983702673046244,1.1209529081066805,1.0,0.0,0.0,0.0,0.0,1.0,0.0,0.0,0.0,0.0,0.0,0.0,1.0,0.0,1.0,0.0,1.0,84.0
-1.8978636767450918,-1.8373996110140638,-1.688538116627473,-1.900197215337128,1.0,0.0,1.0,0.0,0.0,0.0,0.0,0.0,0.0,0.0,0.0,0.0,1.0,1.0,0.0,0.0,1.0,41.333333333333336
-0.9654570802830562,-0.2459783700679724,0.3013914094741404,-0.31881394759700954,1.0,0.0,0.0,1.0,0.0,0.0,0.0,1.0,0.0,0.0,0.0,0.0,0.0,0.0,1.0,1.0,0.0,63.666666666666664
-0.5658542532278981,-1.2146695602090716,-0.9588972903902149,-0.9560878017609379,0.0,1.0,0.0,0.0,1.0,0.0,0.0,0.0,0.0,1.0,0.0,0.0,0.0,0.0,1.0,1.0,0.0,54.666666666666664
0.36655234323413755,0.7227128200731266,0.9647012515080116,0.7197064073367996,1.0,0.0,0.0,0.0,1.0,0.0,0.0,0.0,0.0,1.0,0.0,0.0,0.0,0.0,1.0,0.0,1.0,78.33333333333333
0.10015045853069877,1.1378661872764548,1.0310322357113988,0.7905146133550138,1.0,0.0,0.0,0.0,1.0,0.0,0.0,1.0,0.0,0.0,0.0,0.0,0.0,0.0,1.0,1.0,0.0,79.33333333333333
0.6995546991134359,1.6914040102142256,1.760673061948657,1.4513912028583469,1.0,0.0,0.0,0.0,1.0,0.0,0.0,0.0,1.0,0.0,0.0,0.0,0.0,0.0,1.0,1.0,0.0,88.66666666666667
1.0325570549927343,0.8610972758075693,0.7657082988978502,0.9321310253914424,1.0,0.0,0.0,1.0,0.0,0.0,0.0,0.0,0.0,0.0,0.0,0.0,1.0,0.0,1.0,0.0,1.0,81.33333333333333
0.6329542279375763,0.30755945286979847,0.3013914094741404,0.4364735832639426,1.0,0.0,0.0,0.0,0.0,1.0,0.0,1.0,0.0,0.0,0.0,0.0,0.0,0.0,1.0,0.0,1.0,74.33333333333333
0.9659565838168748,0.37675168073701987,0.5003843620843017,0.6488982013185853,0.0,1.0,0.0,0.0,0.0,0.0,1.0,0.0,0.0,0.0,0.0,0.0,1.0,0.0,1.0,1.0,0.0,77.33333333333333
-1.3650599073382144,-1.8373996110140638,-1.622207132424086,-1.6877725972824853,0.0,1.0,0.0,0.0,0.0,0.0,1.0,1.0,0.0,0.0,0.0,0.0,0.0,1.0,0.0,1.0,0.0,44.333333333333336
1.4321598820478925,0.5151361364714626,0.5667153462876888,0.8849255547126329,0.0,1.0,0.0,0.0,0.0,1.0,0.0,0.0,0.0,0.0,0.0,1.0,0.0,0.0,1.0,0.0,1.0,80.66666666666667
-0.09965095499688029,0.23836722500257712,-0.030263511542795184,0.03522708249406176,0.0,1.0,0.0,0.0,1.0,0.0,0.0,1.0,0.0,0.0,0.0,0.0,0.0,1.0,0.0,1.0,0.0,68.66666666666667
2.0315641226306296,1.8989806938158897,1.827004046152044,2.017856851004061,1.0,0.0,0.0,1.0,0.0,0.0,0.0,0.0,1.0,0.0,0.0,0.0,0.0,0.0,1.0,0.0,1.0,96.66666666666669
1.0325570549927343,1.0686739594092334,1.23002518832156,1.16815837878549,1.0,0.0,0.0,1.0,0.0,0.0,0.0,0.0,0.0,0.0,0.0,1.0,0.0,0.0,1.0,0.0,1.0,84.66666666666667
-0.09965095499688029,0.791905047940348,0.8320392831012373,0.5308845246215615,1.0,0.0,0.0,1.0,0.0,0.0,0.0,0.0,1.0,0.0,0.0,0.0,0.0,0.0,1.0,1.0,0.0,75.66666666666667
1.6319612955754716,1.0686739594092334,1.0973632199147858,1.3333775261613232,0.0,1.0,0.0,0.0,1.0,0.0,0.0,0.0,0.0,0.0,1.0,0.0,0.0,0.0,1.0,1.0,0.0,87.0
-0.7656556667554771,0.16917499713535575,0.6993773146944631,0.03522708249406176,1.0,0.0,0.0,0.0,1.0,0.0,0.0,1.0,0.0,0.0,0.0,0.0,0.0,0.0,1.0,1.0,0.0,68.66666666666667
1.6985617667513313,2.1065573774175537,2.0923279829655925,2.0650623216828707,1.0,0.0,0.0,0.0,0.0,1.0,0.0,0.0,0.0,0.0,1.0,0.0,0.0,0.0,1.0,0.0,1.0,97.33333333333331
0.9659565838168748,1.4838273266125617,1.3626871567283343,1.3333775261613232,1.0,0.0,0.0,1.0,0.0,0.0,0.0,0.0,0.0,1.0,0.0,0.0,0.0,0.0,1.0,0.0,1.0,87.0
-0.6324547244037578,-0.10759391433352969,0.3013914094741404,-0.15359480022117628,1.0,0.0,0.0,0.0,0.0,0.0,1.0,1.0,0.0,0.0,0.0,0.0,0.0,1.0,0.0,1.0,0.0,66.0
0.4331528144099972,0.7227128200731266,0.8983702673046244,0.7197064073367996,1.0,0.0,0.0,0.0,1.0,0.0,0.0,0.0,0.0,0.0,0.0,1.0,0.0,0.0,1.0,0.0,1.0,78.33333333333333
-0.6990551955796175,-1.2146695602090716,-0.8925663061868278,-0.9796905371003427,1.0,0.0,0.0,0.0,0.0,1.0,0.0,0.0,0.0,1.0,0.0,0.0,0.0,0.0,1.0,0.0,1.0,54.333333333333336
-0.6324547244037578,0.584328364338684,0.6993773146944631,0.2240489652092998,1.0,0.0,0.0,0.0,0.0,1.0,0.0,1.0,0.0,0.0,0.0,0.0,0.0,0.0,1.0,1.0,0.0,71.33333333333333
-0.0330504838210206,-0.5227472815368579,-0.29558744835634365,-0.29521121225760477,0.0,1.0,0.0,0.0,0.0,1.0,0.0,1.0,0.0,0.0,0.0,0.0,0.0,1.0,0.0,0.0,1.0,64.0
-0.8988566091071966,-1.2146695602090716,-1.2905522114071504,-1.1921151551549853,0.0,1.0,0.0,0.0,1.0,0.0,0.0,0.0,0.0,1.0,0.0,0.0,0.0,0.0,1.0,1.0,0.0,51.333333333333336
0.9659565838168748,0.791905047940348,0.6993773146944631,0.8613228193732282,0.0,1.0,0.0,0.0,0.0,0.0,1.0,1.0,0.0,0.0,0.0,0.0,0.0,0.0,1.0,1.0,0.0,80.33333333333333
0.5663537567617166,-0.03840168646630833,-0.030263511542795184,0.17684349453049028,0.0,1.0,0.0,0.0,1.0,0.0,0.0,0.0,0.0,1.0,0.0,0.0,0.0,0.0,1.0,1.0,0.0,70.66666666666667
0.36655234323413755,0.23836722500257712,0.3677223936775275,0.3420626419063236,0.0,1.0,1.0,0.0,0.0,0.0,0.0,0.0,0.0,1.0,0.0,0.0,0.0,0.0,1.0,1.0,0.0,73.0
0.4331528144099972,0.6535205922059053,0.6993773146944631,0.6252954659791806,1.0,0.0,0.0,1.0,0.0,0.0,0.0,0.0,0.0,0.0,0.0,0.0,1.0,0.0,1.0,0.0,1.0,77.0
1.2989589396961732,1.0686739594092334,1.4953491251351085,1.356980261500728,1.0,0.0,0.0,0.0,0.0,0.0,1.0,0.0,0.0,0.0,0.0,1.0,0.0,0.0,1.0,1.0,0.0,87.33333333333333
-0.09965095499688029,0.6535205922059053,0.8320392831012373,0.48367905394275207,1.0,0.0,0.0,0.0,1.0,0.0,0.0,0.0,1.0,0.0,0.0,0.0,0.0,0.0,1.0,0.0,1.0,75.0
-0.16625142617273997,-1.0762851044746287,-1.2242212272037634,-0.8616768604033189,0.0,1.0,0.0,0.0,0.0,1.0,0.0,0.0,0.0,1.0,0.0,0.0,0.0,0.0,1.0,0.0,1.0,56.0
-0.5658542532278981,-0.10759391433352969,-0.494580400966505,-0.41322488895462856,1.0,0.0,0.0,1.0,0.0,0.0,0.0,0.0,0.0,1.0,0.0,0.0,0.0,0.0,1.0,0.0,1.0,62.333333333333336
-0.7656556667554771,-1.5606306995451782,-1.622207132424086,-1.3809370378702235,0.0,1.0,0.0,0.0,0.0,1.0,0.0,0.0,0.0,0.0,0.0,0.0,1.0,0.0,1.0,0.0,1.0,48.666666666666664
0.7661551702892957,0.791905047940348,0.8983702673046244,0.8613228193732282,0.0,1.0,0.0,0.0,1.0,0.0,0.0,1.0,0.0,0.0,0.0,0.0,0.0,1.0,0.0,1.0,0.0,80.33333333333333
-0.23285189734859965,0.7227128200731266,0.7657082988978502,0.4364735832639426,1.0,0.0,0.0,0.0,0.0,1.0,0.0,0.0,0.0,0.0,0.0,1.0,0.0,1.0,0.0,1.0,0.0,74.33333333333333
0.4331528144099972,-0.10759391433352969,-0.1629254799495694,0.05882981783346651,0.0,1.0,0.0,0.0,0.0,1.0,0.0,0.0,0.0,1.0,0.0,0.0,0.0,1.0,0.0,1.0,0.0,69.0
0.9659565838168748,0.9994817315420121,0.8983702673046244,1.0029392314096566,1.0,0.0,0.0,0.0,1.0,0.0,0.0,0.0,0.0,1.0,0.0,0.0,0.0,0.0,1.0,0.0,1.0,82.33333333333333
0.4997532855858569,0.791905047940348,0.16872944106736618,0.5072817892821568,1.0,0.0,0.0,0.0,0.0,0.0,1.0,0.0,0.0,1.0,0.0,0.0,0.0,0.0,1.0,0.0,1.0,75.33333333333333
-1.1652584938106352,-1.1454773323418501,-1.0252282745936019,-1.1685124198155807,1.0,0.0,0.0,0.0,1.0,0.0,0.0,1.0,0.0,0.0,0.0,0.0,0.0,0.0,1.0,0.0,1.0,51.666666666666664
-0.8988566091071966,-0.7995161930057433,-0.8925663061868278,-0.9088823310821283,0.0,1.0,0.0,0.0,1.0,0.0,0.0,0.0,1.0,0.0,0.0,0.0,0.0,1.0,0.0,0.0,1.0,55.333333333333336
0.6995546991134359,-0.5227472815368579,-0.29558744835634365,-0.035581123524152505,0.0,1.0,0.0,0.0,0.0,1.0,0.0,0.0,0.0,0.0,0.0,1.0,0.0,1.0,0.0,0.0,1.0,67.66666666666667
0.16675092970655847,-0.31517059793519375,0.3677223936775275,0.08243255317287126,1.0,0.0,0.0,0.0,0.0,1.0,0.0,0.0,0.0,0.0,0.0,1.0,0.0,1.0,0.0,0.0,1.0,69.33333333333333
1.0325570549927343,-0.5227472815368579,-0.4282494167631179,0.03522708249406176,0.0,1.0,0.0,0.0,0.0,0.0,1.0,0.0,1.0,0.0,0.0,0.0,0.0,0.0,1.0,0.0,1.0,68.66666666666667
0.6329542279375763,-0.17678614220075106,-0.0965944957461823,0.12963802385168077,0.0,1.0,0.0,0.0,0.0,0.0,1.0,0.0,0.0,0.0,0.0,1.0,0.0,0.0,1.0,0.0,1.0,70.0
-1.6314617920416532,-1.2146695602090716,-1.1578902430003761,-1.4045397732096283,1.0,0.0,0.0,1.0,0.0,0.0,0.0,0.0,0.0,1.0,0.0,0.0,0.0,0.0,1.0,0.0,1.0,48.333333333333336
1.2323584685203135,1.345442870878119,1.760673061948657,1.5221994088765614,1.0,0.0,0.0,0.0,1.0,0.0,0.0,1.0,0.0,0.0,0.0,0.0,0.0,0.0,1.0,0.0,1.0,89.66666666666667
-0.5658542532278981,0.37675168073701987,0.5667153462876888,0.12963802385168077,1.0,0.0,0.0,0.0,1.0,0.0,0.0,0.0,0.0,1.0,0.0,0.0,0.0,0.0,1.0,1.0,0.0,70.0
-0.4992537820520384,0.16917499713535575,-0.030263511542795184,-0.12999206488177154,1.0,0.0,0.0,0.0,1.0,0.0,0.0,0.0,0.0,1.0,0.0,0.0,0.0,0.0,1.0,0.0,1.0,66.33333333333333
-2.1642655614485307,-1.906591838881285,-1.9538620534410216,-2.112621833391771,1.0,0.0,0.0,0.0,1.0,0.0,0.0,0.0,0.0,1.0,0.0,0.0,0.0,1.0,0.0,0.0,1.0,38.333333333333336
0.6329542279375763,0.584328364338684,0.43405337788091464,0.5780899953003711,0.0,1.0,0.0,0.0,1.0,0.0,0.0,0.0,0.0,0.0,0.0,1.0,0.0,0.0,1.0,0.0,1.0,76.33333333333333
0.10015045853069877,0.09998276926813439,0.43405337788091464,0.2240489652092998,1.0,0.0,0.0,0.0,0.0,1.0,0.0,0.0,0.0,0.0,0.0,0.0,1.0,0.0,1.0,0.0,1.0,71.33333333333333
0.36655234323413755,0.791905047940348,0.6993773146944631,0.6488982013185853,1.0,0.0,0.0,1.0,0.0,0.0,0.0,0.0,0.0,0.0,0.0,0.0,1.0,1.0,0.0,0.0,1.0,77.33333333333333
-1.231858964986495,-0.937900648740186,-1.1578902430003761,-1.1685124198155807,1.0,0.0,0.0,0.0,1.0,0.0,0.0,0.0,0.0,0.0,0.0,0.0,1.0,1.0,0.0,0.0,1.0,51.666666666666664
1.8317627091030506,1.4146350987453402,1.4953491251351085,1.6638158209129899,0.0,1.0,0.0,0.0,1.0,0.0,0.0,0.0,1.0,0.0,0.0,0.0,0.0,0.0,1.0,1.0,0.0,91.66666666666669
0.9659565838168748,0.09998276926813439,0.3013914094741404,0.48367905394275207,0.0,1.0,0.0,0.0,0.0,1.0,0.0,1.0,0.0,0.0,0.0,0.0,0.0,0.0,1.0,0.0,1.0,75.0
1.6985617667513313,2.1065573774175537,1.8933350303554313,1.9942541156646563,1.0,0.0,1.0,0.0,0.0,0.0,0.0,0.0,0.0,0.0,0.0,0.0,1.0,0.0,1.0,1.0,0.0,96.33333333333331
0.9659565838168748,0.30755945286979847,0.16872944106736618,0.5072817892821568,0.0,1.0,0.0,0.0,0.0,0.0,1.0,0.0,0.0,0.0,0.0,1.0,0.0,0.0,1.0,1.0,0.0,75.33333333333333
-2.497267917327829,-2.044976294615728,-1.622207132424086,-2.15982730407058,1.0,0.0,0.0,0.0,1.0,0.0,0.0,0.0,0.0,0.0,0.0,0.0,1.0,1.0,0.0,1.0,0.0,37.666666666666664
-0.5658542532278981,-0.17678614220075106,-0.4282494167631179,-0.41322488895462856,1.0,0.0,0.0,0.0,0.0,1.0,0.0,0.0,0.0,0.0,0.0,1.0,0.0,1.0,0.0,0.0,1.0,62.333333333333336
0.4331528144099972,0.4459439086042412,0.633046330491076,0.5308845246215615,1.0,0.0,0.0,0.0,1.0,0.0,0.0,0.0,0.0,0.0,0.0,1.0,0.0,0.0,1.0,0.0,1.0,75.66666666666667
0.10015045853069877,-1.2838617880762928,-0.7599043377800535,-0.6728549776880809,0.0,1.0,0.0,0.0,0.0,0.0,1.0,0.0,0.0,0.0,0.0,0.0,1.0,0.0,1.0,1.0,0.0,58.666666666666664
-1.0986580226347755,-0.2459783700679724,-0.29558744835634365,-0.5784440363304618,1.0,0.0,0.0,0.0,1.0,0.0,0.0,0.0,0.0,1.0,0.0,0.0,0.0,1.0,0.0,1.0,0.0,60.0
-0.09965095499688029,-0.31517059793519375,-0.3619184325597308,-0.27160847691820006,0.0,1.0,0.0,1.0,0.0,0.0,0.0,1.0,0.0,0.0,0.0,0.0,0.0,0.0,1.0,1.0,0.0,64.33333333333333
-0.23285189734859965,-0.5919395094040792,-0.9588972903902149,-0.6256495070092714,0.0,1.0,0.0,0.0,1.0,0.0,0.0,0.0,0.0,0.0,0.0,1.0,0.0,1.0,0.0,0.0,1.0,59.333333333333336
-0.0330504838210206,0.09998276926813439,0.5003843620843017,0.20044622986989502,1.0,0.0,0.0,0.0,1.0,0.0,0.0,0.0,0.0,1.0,0.0,0.0,0.0,0.0,1.0,0.0,1.0,71.0
-0.6990551955796175,0.16917499713535575,-0.22925646415295653,-0.27160847691820006,1.0,0.0,0.0,0.0,0.0,0.0,1.0,0.0,0.0,0.0,1.0,0.0,0.0,1.0,0.0,0.0,1.0,64.33333333333333
1.8317627091030506,1.0686739594092334,0.8983702673046244,1.3333775261613232,0.0,1.0,0.0,0.0,0.0,0.0,1.0,1.0,0.0,0.0,0.0,0.0,0.0,0.0,1.0,1.0,0.0,87.0
-0.0330504838210206,0.5151361364714626,0.3013914094741404,0.27125443588810927,1.0,0.0,0.0,0.0,1.0,0.0,0.0,1.0,0.0,0.0,0.0,0.0,0.0,0.0,1.0,0.0,1.0,72.0
0.03354998735483909,0.9994817315420121,1.163694204118173,0.7669118780156091,1.0,0.0,0.0,0.0,1.0,0.0,0.0,1.0,0.0,0.0,0.0,0.0,0.0,0.0,1.0,1.0,0.0,79.0
0.4997532855858569,0.6535205922059053,0.43405337788091464,0.5544872599609664,0.0,1.0,0.0,0.0,0.0,1.0,0.0,0.0,1.0,0.0,0.0,0.0,0.0,1.0,0.0,1.0,0.0,76.0
0.03354998735483909,-0.03840168646630833,0.43405337788091464,0.1532407591910855,1.0,0.0,0.0,0.0,1.0,0.0,0.0,0.0,1.0,0.0,0.0,0.0,0.0,0.0,1.0,0.0,1.0,70.33333333333333
-0.23285189734859965,-0.38436282580241515,-0.1629254799495694,-0.27160847691820006,0.0,1.0,0.0,0.0,1.0,0.0,0.0,0.0,1.0,0.0,0.0,0.0,0.0,0.0,1.0,1.0,0.0,64.33333333333333
0.6329542279375763,-0.38436282580241515,-0.1629254799495694,0.03522708249406176,0.0,1.0,0.0,0.0,0.0,1.0,0.0,0.0,0.0,0.0,0.0,1.0,0.0,0.0,1.0,0.0,1.0,68.66666666666667
0.8327556414651553,0.8610972758075693,0.8983702673046244,0.9085282900520376,0.0,1.0,1.0,0.0,0.0,0.0,0.0,1.0,0.0,0.0,0.0,0.0,0.0,1.0,0.0,1.0,0.0,81.0
-0.9654570802830562,-0.17678614220075106,0.2350604252707533,-0.31881394759700954,1.0,0.0,0.0,1.0,0.0,0.0,0.0,0.0,0.0,0.0,0.0,0.0,1.0,1.0,0.0,1.0,0.0,63.666666666666664
0.29995187205827784,0.9302895036747907,0.5667153462876888,0.6252954659791806,1.0,0.0,1.0,0.0,0.0,0.0,0.0,0.0,0.0,0.0,0.0,0.0,1.0,0.0,1.0,0.0,1.0,77.0
1.4321598820478925,0.37675168073701987,0.5003843620843017,0.8141173486944187,0.0,1.0,0.0,1.0,0.0,0.0,0.0,0.0,1.0,0.0,0.0,0.0,0.0,1.0,0.0,0.0,1.0,79.66666666666667
0.10015045853069877,-0.7303239651385219,-0.4282494167631179,-0.3660194182758191,0.0,1.0,0.0,0.0,0.0,1.0,0.0,0.0,0.0,0.0,0.0,1.0,0.0,0.0,1.0,0.0,1.0,63.0
0.16675092970655847,0.5151361364714626,0.633046330491076,0.4600763186033473,1.0,0.0,0.0,0.0,0.0,1.0,0.0,0.0,0.0,1.0,0.0,0.0,0.0,0.0,1.0,1.0,0.0,74.66666666666667
0.6995546991134359,-0.10759391433352969,0.5667153462876888,0.4128708479245378,1.0,0.0,0.0,0.0,0.0,1.0,0.0,0.0,0.0,0.0,0.0,1.0,0.0,0.0,1.0,0.0,1.0,74.0
0.10015045853069877,-0.10759391433352969,-0.29558744835634365,-0.10638932954236677,0.0,1.0,0.0,0.0,0.0,0.0,1.0,0.0,1.0,0.0,0.0,0.0,0.0,0.0,1.0,0.0,1.0,66.66666666666667
-0.0330504838210206,-0.03840168646630833,-0.030263511542795184,-0.035581123524152505,1.0,0.0,0.0,1.0,0.0,0.0,0.0,0.0,0.0,0.0,0.0,0.0,1.0,0.0,1.0,0.0,1.0,67.66666666666667
-0.4992537820520384,-0.2459783700679724,-0.0965944957461823,-0.29521121225760477,1.0,0.0,0.0,0.0,1.0,0.0,0.0,1.0,0.0,0.0,0.0,0.0,0.0,0.0,1.0,0.0,1.0,64.0
-0.29945236852445933,-0.5919395094040792,-0.8925663061868278,-0.6256495070092714,0.0,1.0,1.0,0.0,0.0,0.0,0.0,1.0,0.0,0.0,0.0,0.0,0.0,1.0,0.0,0.0,1.0,59.333333333333336
-0.23285189734859965,-0.03840168646630833,0.3677223936775275,0.03522708249406176,1.0,0.0,0.0,0.0,1.0,0.0,0.0,0.0,0.0,1.0,0.0,0.0,0.0,0.0,1.0,0.0,1.0,68.66666666666667
-0.16625142617273997,-0.5227472815368579,-0.030263511542795184,-0.2480057415787953,1.0,0.0,0.0,0.0,0.0,0.0,1.0,0.0,0.0,1.0,0.0,0.0,0.0,1.0,0.0,0.0,1.0,64.66666666666667
1.0325570549927343,0.8610972758075693,0.3677223936775275,0.7905146133550138,0.0,1.0,0.0,0.0,0.0,1.0,0.0,0.0,0.0,0.0,1.0,0.0,0.0,0.0,1.0,0.0,1.0,79.33333333333333
-0.4326533108761787,-0.5227472815368579,-0.5609113851698921,-0.5312385656516523,0.0,1.0,0.0,1.0,0.0,0.0,0.0,0.0,0.0,0.0,0.0,1.0,0.0,1.0,0.0,1.0,0.0,60.666666666666664
0.29995187205827784,-1.4222462438107355,-1.0915592587969891,-0.7672659190456999,0.0,1.0,0.0,0.0,0.0,1.0,0.0,0.0,0.0,0.0,0.0,1.0,0.0,0.0,1.0,0.0,1.0,57.333333333333336
-0.5658542532278981,-0.8687084208729646,-1.0252282745936019,-0.8616768604033189,0.0,1.0,0.0,1.0,0.0,0.0,0.0,1.0,0.0,0.0,0.0,0.0,0.0,1.0,0.0,1.0,0.0,56.0
2.2313655361582088,2.1065573774175537,2.0923279829655925,2.2538842043981084,1.0,0.0,0.0,0.0,0.0,0.0,1.0,1.0,0.0,0.0,0.0,0.0,0.0,0.0,1.0,0.0,1.0,100.0
-0.4992537820520384,-0.7995161930057433,-0.6272423693732793,-0.6728549776880809,1.0,0.0,0.0,0.0,0.0,1.0,0.0,0.0,0.0,0.0,0.0,0.0,1.0,0.0,1.0,0.0,1.0,58.666666666666664
-0.8322561379313369,-0.38436282580241515,-0.0965944957461823,-0.4604303596334381,1.0,0.0,0.0,0.0,1.0,0.0,0.0,0.0,0.0,0.0,1.0,0.0,0.0,0.0,1.0,1.0,0.0,61.666666666666664
-1.0986580226347755,-1.1454773323418501,-0.6935733535766664,-1.0268960077791522,1.0,0.0,1.0,0.0,0.0,0.0,0.0,0.0,0.0,0.0,1.0,0.0,0.0,0.0,1.0,0.0,1.0,53.666666666666664
-0.0330504838210206,0.30755945286979847,0.633046330491076,0.3184599065669188,1.0,0.0,0.0,0.0,0.0,0.0,1.0,0.0,0.0,1.0,0.0,0.0,0.0,1.0,0.0,1.0,0.0,72.66666666666667
-0.7656556667554771,-0.5919395094040792,-0.9588972903902149,-0.8144713897245094,0.0,1.0,0.0,0.0,1.0,0.0,0.0,1.0,0.0,0.0,0.0,0.0,0.0,1.0,0.0,0.0,1.0,56.666666666666664
1.0991575261685942,0.9302895036747907,1.4290181409317213,1.2153638494642995,1.0,0.0,0.0,0.0,1.0,0.0,0.0,0.0,0.0,0.0,0.0,1.0,0.0,0.0,1.0,0.0,1.0,85.33333333333333
-0.0330504838210206,-0.38436282580241515,-0.4282494167631179,-0.29521121225760477,0.0,1.0,1.0,0.0,0.0,0.0,0.0,0.0,1.0,0.0,0.0,0.0,0.0,0.0,1.0,0.0,1.0,64.0
-0.29945236852445933,-0.2459783700679724,-0.030263511542795184,-0.20080027089998578,0.0,1.0,0.0,0.0,0.0,1.0,0.0,0.0,0.0,0.0,0.0,0.0,1.0,0.0,1.0,1.0,0.0,65.33333333333333
-0.29945236852445933,-0.5227472815368579,-0.3619184325597308,-0.41322488895462856,1.0,0.0,0.0,1.0,0.0,0.0,0.0,0.0,0.0,1.0,0.0,0.0,0.0,0.0,1.0,0.0,1.0,62.333333333333336
1.0991575261685942,1.1378661872764548,1.296356172524947,1.2389665848037041,1.0,0.0,0.0,0.0,0.0,0.0,1.0,1.0,0.0,0.0,0.0,0.0,0.0,1.0,0.0,1.0,0.0,85.66666666666667
-0.4326533108761787,-0.2459783700679724,0.10239845686397905,-0.20080027089998578,1.0,0.0,0.0,0.0,0.0,1.0,0.0,0.0,0.0,0.0,0.0,1.0,0.0,1.0,0.0,0.0,1.0,65.33333333333333
-0.8988566091071966,-1.7682073831468423,-1.7548691008308603,-1.5461561852460568,0.0,1.0,0.0,0.0,1.0,0.0,0.0,0.0,0.0,0.0,0.0,1.0,0.0,0.0,1.0,0.0,1.0,46.333333333333336
-0.4992537820520384,0.16917499713535575,0.7657082988978502,0.1532407591910855,1.0,0.0,0.0,0.0,0.0,1.0,0.0,0.0,0.0,0.0,0.0,0.0,1.0,0.0,1.0,0.0,1.0,70.33333333333333
-1.1652584938106352,-1.2838617880762928,-1.688538116627473,-1.4517452438884377,0.0,1.0,0.0,0.0,1.0,0.0,0.0,1.0,0.0,0.0,0.0,0.0,0.0,0.0,1.0,0.0,1.0,47.666666666666664
-1.0986580226347755,-0.6611317372713006,-0.6272423693732793,-0.8380741250639141,1.0,0.0,0.0,0.0,1.0,0.0,0.0,0.0,1.0,0.0,0.0,0.0,0.0,1.0,0.0,0.0,1.0,56.333333333333336
1.6319612955754716,0.23836722500257712,0.7657082988978502,0.9321310253914424,0.0,1.0,0.0,0.0,0.0,0.0,1.0,1.0,0.0,0.0,0.0,0.0,0.0,1.0,0.0,1.0,0.0,81.33333333333333
-1.2984594361623547,-1.8373996110140638,-1.8212000850342474,-1.7349780679612947,0.0,1.0,0.0,1.0,0.0,0.0,0.0,0.0,0.0,0.0,0.0,1.0,0.0,0.0,1.0,0.0,1.0,43.666666666666664
0.03354998735483909,-0.5227472815368579,-0.5609113851698921,-0.3660194182758191,0.0,1.0,0.0,1.0,0.0,0.0,0.0,1.0,0.0,0.0,0.0,0.0,0.0,1.0,0.0,0.0,1.0,63.0
-0.6324547244037578,-0.17678614220075106,0.2350604252707533,-0.20080027089998578,1.0,0.0,0.0,1.0,0.0,0.0,0.0,0.0,0.0,0.0,0.0,0.0,1.0,0.0,1.0,0.0,1.0,65.33333333333333
0.29995187205827784,0.9302895036747907,0.9647012515080116,0.7669118780156091,1.0,0.0,0.0,0.0,0.0,1.0,0.0,0.0,0.0,0.0,0.0,1.0,0.0,1.0,0.0,0.0,1.0,79.0
-0.09965095499688029,0.37675168073701987,0.5667153462876888,0.29485717122751404,1.0,0.0,0.0,0.0,0.0,0.0,1.0,1.0,0.0,0.0,0.0,0.0,0.0,0.0,1.0,1.0,0.0,72.33333333333333
-0.8322561379313369,-1.0762851044746287,-1.5558761482206989,-1.2157178904943902,0.0,1.0,0.0,1.0,0.0,0.0,0.0,0.0,0.0,0.0,0.0,1.0,0.0,1.0,0.0,0.0,1.0,51.0
-1.9644641479209515,-0.937900648740186,-1.4232141798139246,-1.522553449906652,0.0,1.0,0.0,0.0,1.0,0.0,0.0,0.0,1.0,0.0,0.0,0.0,0.0,1.0,0.0,0.0,1.0,46.666666666666664
-0.29945236852445933,-1.0070928766074074,-0.8925663061868278,-0.7672659190456999,0.0,1.0,0.0,0.0,1.0,0.0,0.0,0.0,0.0,1.0,0.0,0.0,0.0,1.0,0.0,0.0,1.0,57.333333333333336
1.8317627091030506,1.1378661872764548,1.23002518832156,1.4749939381977517,0.0,1.0,0.0,1.0,0.0,0.0,0.0,0.0,0.0,0.0,0.0,0.0,1.0,0.0,1.0,1.0,0.0,89.0
-1.8312632055692322,-1.906591838881285,-2.020193037644409,-2.0182108920341517,0.0,1.0,0.0,0.0,0.0,1.0,0.0,0.0,1.0,0.0,0.0,0.0,0.0,1.0,0.0,1.0,0.0,39.666666666666664
0.29995187205827784,0.4459439086042412,0.10239845686397905,0.29485717122751404,1.0,0.0,0.0,0.0,0.0,0.0,1.0,0.0,0.0,0.0,0.0,1.0,0.0,1.0,0.0,0.0,1.0,72.33333333333333
-0.09965095499688029,0.791905047940348,0.5667153462876888,0.4364735832639426,1.0,0.0,0.0,0.0,0.0,1.0,0.0,0.0,0.0,0.0,0.0,1.0,0.0,1.0,0.0,0.0,1.0,74.33333333333333
0.5663537567617166,1.2762506430108975,1.0973632199147858,1.0265419667490614,1.0,0.0,0.0,0.0,0.0,0.0,1.0,0.0,0.0,0.0,0.0,1.0,0.0,1.0,0.0,1.0,0.0,82.66666666666667
-2.29746650380025,-2.114168522482949,-2.3518479586613443,-2.372251922125223,1.0,0.0,0.0,0.0,1.0,0.0,0.0,0.0,0.0,0.0,0.0,1.0,0.0,1.0,0.0,0.0,1.0,34.666666666666664
-0.8988566091071966,-2.114168522482949,-2.086524021847796,-1.7821835386401044,0.0,1.0,0.0,0.0,1.0,0.0,0.0,0.0,0.0,0.0,0.0,1.0,0.0,0.0,1.0,0.0,1.0,43.0
-0.8988566091071966,-1.8373996110140638,-1.688538116627473,-1.5461561852460568,0.0,1.0,1.0,0.0,0.0,0.0,0.0,0.0,0.0,0.0,0.0,1.0,0.0,0.0,1.0,0.0,1.0,46.333333333333336
1.3655594108720328,0.9994817315420121,1.23002518832156,1.262569320143109,0.0,1.0,1.0,0.0,0.0,0.0,0.0,0.0,1.0,0.0,0.0,0.0,0.0,0.0,1.0,1.0,0.0,86.0
0.6329542279375763,-0.5227472815368579,-0.1629254799495694,-0.011978388184747751,0.0,1.0,0.0,0.0,0.0,0.0,1.0,0.0,1.0,0.0,0.0,0.0,0.0,0.0,1.0,1.0,0.0,68.0
0.7661551702892957,1.4146350987453402,1.6280110935418828,1.3333775261613232,1.0,0.0,0.0,0.0,0.0,1.0,0.0,0.0,1.0,0.0,0.0,0.0,0.0,1.0,0.0,0.0,1.0,87.0
0.5663537567617166,0.23836722500257712,0.3677223936775275,0.4128708479245378,0.0,1.0,0.0,0.0,0.0,1.0,0.0,0.0,1.0,0.0,0.0,0.0,0.0,0.0,1.0,0.0,1.0,74.0
-0.5658542532278981,-0.17678614220075106,0.2350604252707533,-0.17719753556058104,1.0,0.0,0.0,0.0,1.0,0.0,0.0,0.0,0.0,0.0,0.0,1.0,0.0,0.0,1.0,0.0,1.0,65.66666666666667
-1.231858964986495,-1.8373996110140638,-1.5558761482206989,-1.616964391264271,0.0,1.0,0.0,1.0,0.0,0.0,0.0,1.0,0.0,0.0,0.0,0.0,0.0,0.0,1.0,0.0,1.0,45.333333333333336
0.4331528144099972,0.030790541400913033,0.43405337788091464,0.3184599065669188,0.0,1.0,0.0,0.0,0.0,1.0,0.0,0.0,0.0,0.0,1.0,0.0,0.0,0.0,1.0,0.0,1.0,72.66666666666667
0.16675092970655847,1.4146350987453402,1.296356172524947,1.0029392314096566,1.0,0.0,0.0,0.0,1.0,0.0,0.0,0.0,0.0,0.0,0.0,1.0,0.0,0.0,1.0,1.0,0.0,82.33333333333333
-0.6324547244037578,-0.7995161930057433,-0.7599043377800535,-0.7672659190456999,1.0,0.0,0.0,0.0,0.0,0.0,1.0,0.0,0.0,1.0,0.0,0.0,0.0,1.0,0.0,0.0,1.0,57.333333333333336
0.8327556414651553,1.0686739594092334,1.163694204118173,1.0737474374278708,0.0,1.0,0.0,1.0,0.0,0.0,0.0,0.0,0.0,0.0,0.0,0.0,1.0,0.0,1.0,1.0,0.0,83.33333333333333
-0.23285189734859965,0.30755945286979847,0.3677223936775275,0.1532407591910855,1.0,0.0,0.0,0.0,1.0,0.0,0.0,0.0,0.0,0.0,0.0,1.0,0.0,0.0,1.0,0.0,1.0,70.33333333333333
-1.2984594361623547,-1.4222462438107355,-1.2242212272037634,-1.3809370378702235,1.0,0.0,0.0,1.0,0.0,0.0,0.0,1.0,0.0,0.0,0.0,0.0,0.0,0.0,1.0,0.0,1.0,48.666666666666664
0.4997532855858569,0.09998276926813439,0.633046330491076,0.4364735832639426,0.0,1.0,0.0,0.0,0.0,1.0,0.0,0.0,0.0,0.0,0.0,0.0,1.0,0.0,1.0,1.0,0.0,74.33333333333333
2.0315641226306296,1.207058415143676,0.8983702673046244,1.4513912028583469,0.0,1.0,0.0,0.0,0.0,0.0,1.0,0.0,0.0,0.0,0.0,1.0,0.0,0.0,1.0,0.0,1.0,88.66666666666667
-1.1652584938106352,-0.7995161930057433,-0.8925663061868278,-1.0032932724397474,1.0,0.0,0.0,1.0,0.0,0.0,0.0,0.0,0.0,0.0,0.0,0.0,1.0,1.0,0.0,0.0,1.0,54.0
0.8327556414651553,0.584328364338684,0.5667153462876888,0.6961036719973949,0.0,1.0,0.0,0.0,1.0,0.0,0.0,0.0,0.0,0.0,1.0,0.0,0.0,0.0,1.0,0.0,1.0,78.0
0.16675092970655847,0.09998276926813439,-0.22925646415295653,0.011624347154657003,0.0,1.0,0.0,0.0,1.0,0.0,0.0,0.0,0.0,0.0,0.0,0.0,1.0,1.0,0.0,0.0,1.0,68.33333333333333
-0.8988566091071966,-0.5919395094040792,-0.4282494167631179,-0.6728549776880809,1.0,0.0,0.0,0.0,1.0,0.0,0.0,1.0,0.0,0.0,0.0,0.0,0.0,1.0,0.0,0.0,1.0,58.666666666666664
0.16675092970655847,-0.7995161930057433,-1.0252282745936019,-0.5784440363304618,0.0,1.0,0.0,0.0,1.0,0.0,0.0,0.0,0.0,1.0,0.0,0.0,0.0,0.0,1.0,1.0,0.0,60.0
-2.6304688596795485,-2.460129661819056,-2.152855006051183,-2.5374710695010565,0.0,1.0,0.0,0.0,1.0,0.0,0.0,0.0,0.0,1.0,0.0,0.0,0.0,1.0,0.0,0.0,1.0,32.333333333333336
-2.097665090272671,-1.0070928766074074,-0.5609113851698921,-1.2865260965126044,1.0,0.0,0.0,0.0,0.0,1.0,0.0,0.0,0.0,0.0,0.0,0.0,1.0,1.0,0.0,1.0,0.0,50.0
-0.23285189734859965,0.584328364338684,0.6993773146944631,0.3656653772457283,1.0,0.0,0.0,1.0,0.0,0.0,0.0,0.0,0.0,0.0,0.0,0.0,1.0,1.0,0.0,1.0,0.0,73.33333333333333
-1.231858964986495,-1.2838617880762928,-1.4895451640173119,-1.4045397732096283,0.0,1.0,0.0,1.0,0.0,0.0,0.0,0.0,1.0,0.0,0.0,0.0,0.0,1.0,0.0,0.0,1.0,48.333333333333336
0.36655234323413755,0.7227128200731266,0.43405337788091464,0.5308845246215615,1.0,0.0,0.0,0.0,1.0,0.0,0.0,0.0,0.0,1.0,0.0,0.0,0.0,0.0,1.0,0.0,1.0,75.66666666666667
-0.0330504838210206,0.16917499713535575,0.10239845686397905,0.08243255317287126,1.0,0.0,0.0,1.0,0.0,0.0,0.0,0.0,0.0,1.0,0.0,0.0,0.0,0.0,1.0,0.0,1.0,69.33333333333333
0.899356112641015,0.9302895036747907,0.9647012515080116,0.9793364960702519,1.0,0.0,0.0,0.0,0.0,0.0,1.0,0.0,1.0,0.0,0.0,0.0,0.0,0.0,1.0,0.0,1.0,82.0
0.7661551702892957,0.16917499713535575,0.10239845686397905,0.3656653772457283,0.0,1.0,1.0,0.0,0.0,0.0,0.0,0.0,0.0,0.0,0.0,1.0,0.0,0.0,1.0,1.0,0.0,73.33333333333333
0.29995187205827784,-0.2459783700679724,-0.22925646415295653,-0.05918385886355726,0.0,1.0,0.0,0.0,1.0,0.0,0.0,0.0,0.0,1.0,0.0,0.0,0.0,0.0,1.0,0.0,1.0,67.33333333333333
-0.8322561379313369,-0.6611317372713006,-0.3619184325597308,-0.6492522423486761,1.0,0.0,0.0,0.0,0.0,1.0,0.0,0.0,0.0,0.0,1.0,0.0,0.0,0.0,1.0,0.0,1.0,59.0
-0.6324547244037578,0.584328364338684,-0.0965944957461823,-0.05918385886355726,1.0,0.0,0.0,0.0,1.0,0.0,0.0,1.0,0.0,0.0,0.0,0.0,0.0,1.0,0.0,0.0,1.0,67.33333333333333
-0.09965095499688029,0.030790541400913033,0.16872944106736618,0.03522708249406176,1.0,0.0,0.0,0.0,0.0,1.0,0.0,0.0,0.0,0.0,0.0,1.0,0.0,0.0,1.0,0.0,1.0,68.66666666666667
-0.8988566091071966,-1.2838617880762928,-1.1578902430003761,-1.1685124198155807,0.0,1.0,0.0,0.0,1.0,0.0,0.0,0.0,0.0,1.0,0.0,0.0,0.0,1.0,0.0,1.0,0.0,51.666666666666664
-1.8312632055692322,-1.2146695602090716,-1.4895451640173119,-1.5933616559248662,1.0,0.0,0.0,0.0,0.0,1.0,0.0,0.0,0.0,1.0,0.0,0.0,0.0,1.0,0.0,0.0,1.0,45.666666666666664
-0.7656556667554771,0.4459439086042412,0.5003843620843017,0.05882981783346651,1.0,0.0,0.0,0.0,0.0,1.0,0.0,1.0,0.0,0.0,0.0,0.0,0.0,1.0,0.0,0.0,1.0,69.0
-0.4992537820520384,0.030790541400913033,-0.22925646415295653,-0.2480057415787953,1.0,0.0,0.0,0.0,0.0,1.0,0.0,1.0,0.0,0.0,0.0,0.0,0.0,0.0,1.0,0.0,1.0,64.66666666666667
-0.4326533108761787,0.16917499713535575,-0.030263511542795184,-0.10638932954236677,1.0,0.0,0.0,1.0,0.0,0.0,0.0,0.0,0.0,1.0,0.0,0.0,0.0,1.0,0.0,0.0,1.0,66.66666666666667
-1.1652584938106352,-1.2146695602090716,-0.9588972903902149,-1.1685124198155807,1.0,0.0,0.0,1.0,0.0,0.0,0.0,1.0,0.0,0.0,0.0,0.0,0.0,0.0,1.0,0.0,1.0,51.666666666666664
-3.8958778120208826,-3.1520519404912695,-3.0151578006952153,-3.528785953756056,1.0,0.0,0.0,1.0,0.0,0.0,0.0,0.0,0.0,1.0,0.0,0.0,0.0,1.0,0.0,0.0,1.0,18.333333333333332
-1.7646627343933725,-0.7303239651385219,-0.9588972903902149,-1.2157178904943902,1.0,0.0,0.0,0.0,0.0,1.0,0.0,0.0,0.0,0.0,1.0,0.0,0.0,1.0,0.0,0.0,1.0,51.0
0.4997532855858569,1.1378661872764548,1.3626871567283343,1.0501447020884662,1.0,0.0,0.0,0.0,1.0,0.0,0.0,0.0,1.0,0.0,0.0,0.0,0.0,1.0,0.0,1.0,0.0,83.0
-0.4992537820520384,-1.2838617880762928,-1.688538116627473,-1.2157178904943902,0.0,1.0,0.0,0.0,0.0,0.0,1.0,0.0,0.0,0.0,0.0,1.0,0.0,0.0,1.0,0.0,1.0,51.0
1.6985617667513313,2.1065573774175537,2.0923279829655925,2.0650623216828707,1.0,0.0,0.0,0.0,0.0,0.0,1.0,0.0,1.0,0.0,0.0,0.0,0.0,1.0,0.0,1.0,0.0,97.33333333333331
0.899356112641015,-0.38436282580241515,-0.1629254799495694,0.12963802385168077,0.0,1.0,0.0,0.0,1.0,0.0,0.0,0.0,0.0,0.0,0.0,1.0,0.0,1.0,0.0,0.0,1.0,70.0
1.96496365145477,1.4146350987453402,1.5616801093384955,1.734624026931204,0.0,1.0,0.0,0.0,1.0,0.0,0.0,0.0,1.0,0.0,0.0,0.0,0.0,0.0,1.0,1.0,0.0,92.66666666666669
1.2323584685203135,0.37675168073701987,-0.030263511542795184,0.5544872599609664,0.0,1.0,0.0,0.0,0.0,0.0,1.0,0.0,0.0,0.0,0.0,1.0,0.0,0.0,1.0,1.0,0.0,76.0
0.6995546991134359,1.2762506430108975,1.23002518832156,1.1209529081066805,1.0,0.0,0.0,0.0,1.0,0.0,0.0,0.0,1.0,0.0,0.0,0.0,0.0,0.0,1.0,0.0,1.0,84.0
0.6329542279375763,1.0686739594092334,0.8983702673046244,0.9085282900520376,1.0,0.0,0.0,1.0,0.0,0.0,0.0,0.0,0.0,1.0,0.0,0.0,0.0,1.0,0.0,1.0,0.0,81.0
-0.0330504838210206,-0.2459783700679724,-0.6272423693732793,-0.31881394759700954,0.0,1.0,0.0,0.0,1.0,0.0,0.0,0.0,0.0,1.0,0.0,0.0,0.0,1.0,0.0,0.0,1.0,63.666666666666664
0.29995187205827784,0.4459439086042412,0.9647012515080116,0.6016927306397758,1.0,0.0,0.0,0.0,0.0,1.0,0.0,0.0,1.0,0.0,0.0,0.0,0.0,0.0,1.0,1.0,0.0,76.66666666666667
-0.4326533108761787,-0.10759391433352969,-0.5609113851698921,-0.3896221536152238,0.0,1.0,0.0,1.0,0.0,0.0,0.0,0.0,0.0,1.0,0.0,0.0,0.0,0.0,1.0,0.0,1.0,62.666666666666664
0.6329542279375763,0.09998276926813439,0.3013914094741404,0.3656653772457283,0.0,1.0,0.0,0.0,0.0,1.0,0.0,0.0,0.0,0.0,0.0,1.0,0.0,0.0,1.0,0.0,1.0,73.33333333333333
-0.5658542532278981,-0.7303239651385219,-0.6935733535766664,-0.6964577130274856,0.0,1.0,0.0,0.0,0.0,1.0,0.0,0.0,0.0,0.0,0.0,1.0,0.0,0.0,1.0,1.0,0.0,58.333333333333336
1.565360824399612,1.4146350987453402,1.4953491251351085,1.5694048795553708,1.0,0.0,0.0,1.0,0.0,0.0,0.0,1.0,0.0,0.0,0.0,0.0,0.0,0.0,1.0,1.0,0.0,90.33333333333331
0.4997532855858569,0.37675168073701987,0.6993773146944631,0.5544872599609664,1.0,0.0,0.0,0.0,0.0,1.0,0.0,0.0,0.0,0.0,0.0,1.0,0.0,0.0,1.0,1.0,0.0,76.0
0.5663537567617166,-0.10759391433352969,-0.22925646415295653,0.08243255317287126,0.0,1.0,0.0,1.0,0.0,0.0,0.0,0.0,0.0,0.0,0.0,1.0,0.0,1.0,0.0,0.0,1.0,69.33333333333333
0.16675092970655847,-0.38436282580241515,-0.030263511542795184,-0.08278659420296201,0.0,1.0,0.0,0.0,1.0,0.0,0.0,0.0,0.0,0.0,0.0,1.0,0.0,0.0,1.0,0.0,1.0,67.0
-0.4326533108761787,0.030790541400913033,0.10239845686397905,-0.10638932954236677,1.0,0.0,0.0,1.0,0.0,0.0,0.0,0.0,0.0,0.0,0.0,0.0,1.0,0.0,1.0,1.0,0.0,66.66666666666667
-0.09965095499688029,0.37675168073701987,0.10239845686397905,0.12963802385168077,1.0,0.0,0.0,1.0,0.0,0.0,0.0,0.0,0.0,0.0,0.0,1.0,0.0,1.0,0.0,1.0,0.0,70.0
0.10015045853069877,-0.17678614220075106,0.03606747266059193,-0.011978388184747751,1.0,0.0,0.0,0.0,1.0,0.0,0.0,1.0,0.0,0.0,0.0,0.0,0.0,1.0,0.0,1.0,0.0,68.0
0.36655234323413755,-0.31517059793519375,-0.030263511542795184,0.011624347154657003,0.0,1.0,0.0,1.0,0.0,0.0,0.0,0.0,0.0,1.0,0.0,0.0,0.0,0.0,1.0,1.0,0.0,68.33333333333333
1.0325570549927343,0.584328364338684,0.3677223936775275,0.6961036719973949,0.0,1.0,0.0,1.0,0.0,0.0,0.0,1.0,0.0,0.0,0.0,0.0,0.0,1.0,0.0,1.0,0.0,78.0
1.2323584685203135,1.553019554479783,1.6280110935418828,1.545802144215966,1.0,0.0,0.0,0.0,1.0,0.0,0.0,0.0,0.0,0.0,0.0,0.0,1.0,0.0,1.0,1.0,0.0,90.0
0.36655234323413755,-0.8687084208729646,-0.4282494167631179,-0.31881394759700954,0.0,1.0,0.0,0.0,0.0,0.0,1.0,1.0,0.0,0.0,0.0,0.0,0.0,0.0,1.0,0.0,1.0,63.666666666666664
0.6329542279375763,0.9302895036747907,0.6993773146944631,0.7905146133550138,0.0,1.0,0.0,0.0,0.0,1.0,0.0,0.0,0.0,0.0,0.0,1.0,0.0,0.0,1.0,1.0,0.0,79.33333333333333
0.03354998735483909,0.4459439086042412,0.43405337788091464,0.3184599065669188,1.0,0.0,0.0,0.0,0.0,0.0,1.0,0.0,0.0,0.0,0.0,1.0,0.0,0.0,1.0,0.0,1.0,72.66666666666667
0.5663537567617166,0.791905047940348,0.3677223936775275,0.6016927306397758,0.0,1.0,1.0,0.0,0.0,0.0,0.0,0.0,0.0,0.0,0.0,1.0,0.0,1.0,0.0,0.0,1.0,76.66666666666667
-0.23285189734859965,-0.17678614220075106,-0.0965944957461823,-0.17719753556058104,0.0,1.0,0.0,1.0,0.0,0.0,0.0,0.0,0.0,0.0,0.0,0.0,1.0,0.0,1.0,1.0,0.0,65.66666666666667
-0.16625142617273997,-0.38436282580241515,0.10239845686397905,-0.15359480022117628,1.0,0.0,0.0,0.0,1.0,0.0,0.0,1.0,0.0,0.0,0.0,0.0,0.0,0.0,1.0,0.0,1.0,66.0
0.03354998735483909,0.16917499713535575,-0.0965944957461823,0.03522708249406176,0.0,1.0,0.0,0.0,0.0,1.0,0.0,1.0,0.0,0.0,0.0,0.0,0.0,0.0,1.0,1.0,0.0,68.66666666666667
-0.5658542532278981,-0.6611317372713006,-0.7599043377800535,-0.6964577130274856,0.0,1.0,1.0,0.0,0.0,0.0,0.0,0.0,0.0,0.0,0.0,1.0,0.0,1.0,0.0,0.0,1.0,58.333333333333336
-0.8988566091071966,0.09998276926813439,-0.0965944957461823,-0.31881394759700954,1.0,0.0,0.0,1.0,0.0,0.0,0.0,1.0,0.0,0.0,0.0,0.0,0.0,1.0,0.0,0.0,1.0,63.666666666666664
0.4331528144099972,-0.2459783700679724,-0.3619184325597308,-0.05918385886355726,0.0,1.0,0.0,0.0,1.0,0.0,0.0,0.0,0.0,0.0,0.0,0.0,1.0,0.0,1.0,0.0,1.0,67.33333333333333
1.4987603532237521,0.9994817315420121,0.8983702673046244,1.1917611141248947,0.0,1.0,0.0,0.0,0.0,1.0,0.0,0.0,0.0,0.0,1.0,0.0,0.0,0.0,1.0,0.0,1.0,85.0
-0.09965095499688029,-0.03840168646630833,-0.0965944957461823,-0.08278659420296201,1.0,0.0,0.0,0.0,1.0,0.0,0.0,0.0,0.0,1.0,0.0,0.0,0.0,0.0,1.0,0.0,1.0,67.0
0.23335140088241815,0.16917499713535575,0.5003843620843017,0.3184599065669188,1.0,0.0,0.0,0.0,1.0,0.0,0.0,0.0,0.0,0.0,0.0,1.0,0.0,0.0,1.0,1.0,0.0,72.66666666666667
-0.09965095499688029,-0.17678614220075106,-0.4282494167631179,-0.2480057415787953,1.0,0.0,0.0,0.0,0.0,1.0,0.0,0.0,1.0,0.0,0.0,0.0,0.0,0.0,1.0,0.0,1.0,64.66666666666667
0.4997532855858569,0.30755945286979847,0.2350604252707533,0.3656653772457283,0.0,1.0,0.0,0.0,0.0,1.0,0.0,0.0,0.0,0.0,0.0,0.0,1.0,0.0,1.0,0.0,1.0,73.33333333333333
0.29995187205827784,0.09998276926813439,0.3677223936775275,0.27125443588810927,1.0,0.0,0.0,0.0,0.0,1.0,0.0,1.0,0.0,0.0,0.0,0.0,0.0,0.0,1.0,0.0,1.0,72.0
2.2313655361582088,2.1065573774175537,2.0923279829655925,2.2538842043981084,1.0,0.0,0.0,0.0,0.0,0.0,1.0,0.0,1.0,0.0,0.0,0.0,0.0,0.0,1.0,0.0,1.0,100.0
0.29995187205827784,-0.6611317372713006,-0.494580400966505,-0.29521121225760477,0.0,1.0,0.0,0.0,1.0,0.0,0.0,0.0,0.0,1.0,0.0,0.0,0.0,0.0,1.0,0.0,1.0,64.0
1.3655594108720328,1.4838273266125617,0.8320392831012373,1.2861720554825138,0.0,1.0,0.0,0.0,0.0,0.0,1.0,0.0,0.0,1.0,0.0,0.0,0.0,0.0,1.0,1.0,0.0,86.33333333333333
-2.697069330855408,-2.66770634542072,-2.020193037644409,-2.584676540179866,1.0,0.0,0.0,0.0,0.0,1.0,0.0,1.0,0.0,0.0,0.0,0.0,0.0,1.0,0.0,0.0,1.0,31.666666666666668
1.6319612955754716,1.345442870878119,1.5616801093384955,1.5930076148947756,0.0,1.0,0.0,1.0,0.0,0.0,0.0,1.0,0.0,0.0,0.0,0.0,0.0,0.0,1.0,1.0,0.0,90.66666666666669
1.0325570549927343,1.6222117823470044,1.6280110935418828,1.4985966735371565,1.0,0.0,1.0,0.0,0.0,0.0,0.0,1.0,0.0,0.0,0.0,0.0,0.0,0.0,1.0,0.0,1.0,89.33333333333333
-0.0330504838210206,-0.03840168646630833,-0.3619184325597308,-0.15359480022117628,0.0,1.0,0.0,0.0,0.0,1.0,0.0,0.0,0.0,1.0,0.0,0.0,0.0,0.0,1.0,0.0,1.0,66.0
0.8327556414651553,0.791905047940348,0.8983702673046244,0.8849255547126329,1.0,0.0,0.0,0.0,0.0,0.0,1.0,0.0,1.0,0.0,0.0,0.0,0.0,0.0,1.0,1.0,0.0,80.66666666666667
-0.23285189734859965,-1.0070928766074074,-0.3619184325597308,-0.5548413009910571,0.0,1.0,0.0,0.0,0.0,1.0,0.0,0.0,0.0,0.0,0.0,1.0,0.0,0.0,1.0,1.0,0.0,60.333333333333336
1.3655594108720328,2.1065573774175537,2.0923279829655925,1.9470486449858468,1.0,0.0,0.0,0.0,0.0,1.0,0.0,0.0,0.0,0.0,1.0,0.0,0.0,0.0,1.0,0.0,1.0,95.66666666666669
0.16675092970655847,-0.4535550536696365,-0.494580400966505,-0.27160847691820006,0.0,1.0,0.0,0.0,1.0,0.0,0.0,0.0,1.0,0.0,0.0,0.0,0.0,0.0,1.0,0.0,1.0,64.33333333333333
-0.8988566091071966,-0.5227472815368579,-1.0252282745936019,-0.8616768604033189,1.0,0.0,0.0,0.0,1.0,0.0,0.0,1.0,0.0,0.0,0.0,0.0,0.0,0.0,1.0,0.0,1.0,56.0
-1.0986580226347755,-1.491438471677957,-1.0252282745936019,-1.2629233611731998,0.0,1.0,0.0,0.0,1.0,0.0,0.0,0.0,0.0,0.0,0.0,1.0,0.0,1.0,0.0,1.0,0.0,50.333333333333336
1.2323584685203135,1.4838273266125617,1.3626871567283343,1.4277884675189423,1.0,0.0,0.0,0.0,0.0,1.0,0.0,1.0,0.0,0.0,0.0,0.0,0.0,0.0,1.0,0.0,1.0,88.33333333333333
